id,first_name,last_name,email
1,Charmine,Mouat,cmouat0@businesswire.com
2,Cordi,Rann,crann1@quantcast.com
3,Hillie,Foker,hfoker2@chronoengine.com
4,Esme,Kalinowsky,ekalinowsky3@sfgate.com
5,Celisse,Pallister,cpallister4@wired.com
6,Sheena,Ram,sram5@ft.com
7,Louisa,Wesson,lwesson6@simplemachines.org
8,Jackquelin,Westberg,jwestberg7@marketwatch.com
9,Marlee,Matzeitis,mmatzeitis8@indiatimes.com
10,Coralyn,Vooght,cvooght9@zimbio.com
11,Elfie,Ker,ekera@un.org
12,Isa,Thebeaud,ithebeaudb@moonfruit.com
13,Nikoletta,Rabbage,nrabbagec@sitemeter.com
14,Mitchell,Fillimore,mfillimored@xing.com
15,Leann,Pude,lpudee@ed.gov
16,Mayor,Jeremiah,mjeremiahf@example.com
17,Aguistin,Brookhouse,abrookhouseg@springer.com
18,Yance,Danieli,ydanielih@statcounter.com
19,Clarabelle,Corsor,ccorsori@nhs.uk
20,Travis,Grunnell,tgrunnellj@fc2.com
21,Nina,Cranidge,ncranidgek@gnu.org
22,Domini,Bisson,dbissonl@myspace.com
23,Wilfred,McAlindon,wmcalindonm@cafepress.com
24,Trescha,Syms,tsymsn@qq.com
25,Cymbre,Leipold,cleipoldo@umich.edu
26,Marielle,Allin,mallinp@java.com
27,Mercy,Cameli,mcameliq@multiply.com
28,Ariana,Bradford,abradfordr@lulu.com
29,Shayla,Hawkett,shawketts@ameblo.jp
30,Brigida,Bolte,bboltet@cnn.com
31,Jo ann,Ryce,jryceu@un.org
32,Elyse,Bedberry,ebedberryv@oracle.com
33,Maddie,Gridley,mgridleyw@aboutads.info
34,Riobard,McPaike,rmcpaikex@booking.com
35,Koren,Saffe,ksaffey@cbc.ca
36,Stanly,Turland,sturlandz@diigo.com
37,Adams,Delacourt,adelacourt10@examiner.com
38,Lorain,Dowbakin,ldowbakin11@intel.com
39,Paul,Cornall,pcornall12@msn.com
40,Corrianne,Oleksiak,coleksiak13@pagesperso-orange.fr
41,Maitilde,Wiggam,mwiggam14@free.fr
42,Margret,Yearns,myearns15@google.ca
43,Louise,Hadeke,lhadeke16@wordpress.com
44,Farley,Heinke,fheinke17@pbs.org
45,Kirstyn,Spindler,kspindler18@xrea.com
46,Virginie,Blaw,vblaw19@php.net
47,Jacki,Carrel,jcarrel1a@zimbio.com
48,Merwin,Pistol,mpistol1b@samsung.com
49,Gilemette,Byrkmyr,gbyrkmyr1c@walmart.com
50,Reeta,Mattiussi,rmattiussi1d@army.mil
51,Vilhelmina,Inger,vinger1e@auda.org.au
52,Ianthe,Hazell,ihazell1f@youtu.be
53,Ranee,Weeks,rweeks1g@mashable.com
54,Ashlee,Sander,asander1h@skyrock.com
55,Olwen,Bachura,obachura1i@dailymail.co.uk
56,Sayers,Rowes,srowes1j@joomla.org
57,Sadella,Condict,scondict1k@time.com
58,Marthe,Rushmare,mrushmare1l@blogspot.com
59,Peyton,Popple,ppopple1m@dedecms.com
60,Krisha,Fardo,kfardo1n@goodreads.com
61,Peterus,Erington,perington1o@mashable.com
62,Tabby,Remer,tremer1p@imgur.com
63,Berrie,O'Hoolahan,bohoolahan1q@businessinsider.com
64,Devon,De L'Isle,ddelisle1r@mtv.com
65,Howard,Vallentine,hvallentine1s@gizmodo.com
66,Rogerio,Flindall,rflindall1t@uiuc.edu
67,Elroy,Imms,eimms1u@multiply.com
68,Olwen,Waddams,owaddams1v@illinois.edu
69,Crystie,Lidgerton,clidgerton1w@buzzfeed.com
70,Otha,Chasmoor,ochasmoor1x@vistaprint.com
71,Brett,Heaney`,bheaney1y@shareasale.com
72,Jerri,St. Ledger,jstledger1z@google.com
73,Hughie,Downton,hdownton20@patch.com
74,Brena,Causton,bcauston21@behance.net
75,Laney,Hovel,lhovel22@marketwatch.com
76,Gill,Dominguez,gdominguez23@businesswire.com
77,Torey,Slatten,tslatten24@canalblog.com
78,Estele,Bollis,ebollis25@squidoo.com
79,Broderick,Tuckwood,btuckwood26@gizmodo.com
80,Melicent,Phillins,mphillins27@cnbc.com
81,Sherlocke,O'Callaghan,socallaghan28@addtoany.com
82,Chery,Woodier,cwoodier29@shutterfly.com
83,Mark,Thornborrow,mthornborrow2a@behance.net
84,Fara,Longman,flongman2b@google.ca
85,Kriste,Youson,kyouson2c@blogs.com
86,Zak,Kittles,zkittles2d@home.pl
87,Mic,Albisser,malbisser2e@techcrunch.com
88,Sidoney,Filipychev,sfilipychev2f@addthis.com
89,Suzanna,Loch,sloch2g@fda.gov
90,Austen,Waddington,awaddington2h@shutterfly.com
91,Armstrong,Alsop,aalsop2i@github.io
92,Alvy,Wellbank,awellbank2j@examiner.com
93,Scarlett,Zellner,szellner2k@independent.co.uk
94,Annalee,Brunsen,abrunsen2l@about.me
95,Bella,Minor,bminor2m@nature.com
96,Margaret,Brugden,mbrugden2n@bbc.co.uk
97,Eugene,Archbell,earchbell2o@hud.gov
98,Idell,Behn,ibehn2p@altervista.org
99,Margalo,Dundridge,mdundridge2q@smugmug.com
100,Lydon,McComas,lmccomas2r@theguardian.com
101,Renaldo,Pond,rpond2s@wisc.edu
102,Shayna,Flaxman,sflaxman2t@businessweek.com
103,Teresina,Adamoli,tadamoli2u@weibo.com
104,Chiarra,Ovill,covill2v@xing.com
105,Abbott,Wintle,awintle2w@fda.gov
106,Adrian,Eannetta,aeannetta2x@virginia.edu
107,Carry,Schustl,cschustl2y@newyorker.com
108,Therine,Ogelsby,togelsby2z@hostgator.com
109,Morgun,Wiskar,mwiskar30@t-online.de
110,Barton,Kendrick,bkendrick31@chron.com
111,Carola,Please,cplease32@desdev.cn
112,Nerta,Janic,njanic33@timesonline.co.uk
113,Nahum,Reddick,nreddick34@jigsy.com
114,Minnnie,Jeromson,mjeromson35@miitbeian.gov.cn
115,Christal,Saturley,csaturley36@google.pl
116,Lissie,Rapinett,lrapinett37@blogspot.com
117,Dawn,Dils,ddils38@sakura.ne.jp
118,Deb,Kenright,dkenright39@diigo.com
119,Winifred,Dorn,wdorn3a@businesswire.com
120,Gwenette,Emer,gemer3b@phpbb.com
121,Desiri,Hawick,dhawick3c@dmoz.org
122,Myranda,Bishell,mbishell3d@friendfeed.com
123,Johannah,Collcutt,jcollcutt3e@archive.org
124,Hercules,Bogart,hbogart3f@berkeley.edu
125,Isacco,Feaks,ifeaks3g@elegantthemes.com
126,Berty,Calcott,bcalcott3h@gnu.org
127,Helyn,Rennie,hrennie3i@arizona.edu
128,Genovera,Rowney,growney3j@oakley.com
129,Filmer,Lasslett,flasslett3k@issuu.com
130,Celle,Arnefield,carnefield3l@friendfeed.com
131,Lyn,Athridge,lathridge3m@usnews.com
132,Catha,Reimer,creimer3n@google.ru
133,Aldus,Aleksandrov,aaleksandrov3o@xinhuanet.com
134,Humfrey,Lefwich,hlefwich3p@cornell.edu
135,Flinn,Aubrun,faubrun3q@huffingtonpost.com
136,Dara,Ceaser,dceaser3r@guardian.co.uk
137,Morganica,Tilling,mtilling3s@deviantart.com
138,Blakelee,Manthroppe,bmanthroppe3t@amazon.com
139,Dorelle,d'Arcy,ddarcy3u@fc2.com
140,Jessamyn,Coltart,jcoltart3v@weebly.com
141,Terza,Dimock,tdimock3w@shinystat.com
142,Deidre,MacGillavery,dmacgillavery3x@smh.com.au
143,Timothee,Fernao,tfernao3y@earthlink.net
144,Bernardo,Hebbs,bhebbs3z@alexa.com
145,Salvador,Maciaszek,smaciaszek40@si.edu
146,Amata,Alessandrelli,aalessandrelli41@sciencedaily.com
147,Rosmunda,Claesens,rclaesens42@google.nl
148,Lyn,Faltin,lfaltin43@domainmarket.com
149,Ernest,Aldren,ealdren44@comcast.net
150,Inesita,Coney,iconey45@phoca.cz
151,Paolina,Orwin,porwin46@wunderground.com
152,Julissa,Pepis,jpepis47@jiathis.com
153,Leo,Beldom,lbeldom48@topsy.com
154,Cora,Angear,cangear49@forbes.com
155,Hanni,Rodenhurst,hrodenhurst4a@bloglovin.com
156,Eddie,Cunningham,ecunningham4b@cornell.edu
157,Montgomery,Stather,mstather4c@independent.co.uk
158,Caresa,Gillies,cgillies4d@mashable.com
159,Lanny,Knewstub,lknewstub4e@skype.com
160,Arly,Beranek,aberanek4f@tinyurl.com
161,Kayla,Miskelly,kmiskelly4g@cpanel.net
162,Jorry,Blagdon,jblagdon4h@youtu.be
163,Florence,Corben,fcorben4i@oracle.com
164,Blinny,Vassay,bvassay4j@mlb.com
165,Calley,Cregg,ccregg4k@ustream.tv
166,Lavinia,Croysdale,lcroysdale4l@istockphoto.com
167,Carey,Hefford,chefford4m@360.cn
168,Steve,Pacey,spacey4n@narod.ru
169,Randene,Plumm,rplumm4o@intel.com
170,Holt,Walcar,hwalcar4p@nih.gov
171,Andres,Najera,anajera4q@xrea.com
172,Jilly,Campes,jcampes4r@columbia.edu
173,Mavis,Lardner,mlardner4s@omniture.com
174,Tuckie,Snewin,tsnewin4t@tmall.com
175,Joyan,O'Sherin,josherin4u@abc.net.au
176,Hermine,Sowersby,hsowersby4v@instagram.com
177,Lisha,Balmforth,lbalmforth4w@bbc.co.uk
178,Rex,Aslie,raslie4x@technorati.com
179,Jeddy,Chesworth,jchesworth4y@dyndns.org
180,Hebert,Pusey,hpusey4z@soup.io
181,Michelle,Hablet,mhablet50@github.io
182,Arthur,Sweatland,asweatland51@cpanel.net
183,Gwennie,Jennison,gjennison52@dyndns.org
184,Fancy,Chesnut,fchesnut53@statcounter.com
185,Sayers,Kohnemann,skohnemann54@blogtalkradio.com
186,Justin,Gomer,jgomer55@google.it
187,Drucy,Drewe,ddrewe56@psu.edu
188,Cyb,Prestage,cprestage57@tiny.cc
189,Colby,Stobbs,cstobbs58@meetup.com
190,Margaret,Juschka,mjuschka59@skype.com
191,Morganne,Derington,mderington5a@nih.gov
192,Normand,Crowther,ncrowther5b@free.fr
193,Callean,Sawter,csawter5c@ibm.com
194,Allie,Oblein,aoblein5d@ocn.ne.jp
195,Gilberta,Brando,gbrando5e@tamu.edu
196,Henrik,Jozaitis,hjozaitis5f@plala.or.jp
197,Mandi,Loxly,mloxly5g@creativecommons.org
198,Sigvard,Sawney,ssawney5h@tamu.edu
199,Liva,Swales,lswales5i@delicious.com
200,Torrence,Edwins,tedwins5j@mapquest.com
201,Gaven,Featherstone,gfeatherstone5k@buzzfeed.com
202,Lynnea,Cheake,lcheake5l@zdnet.com
203,Cletis,Sears,csears5m@webmd.com
204,Sherman,Mix,smix5n@wikimedia.org
205,Carney,Clother,cclother5o@github.io
206,Jacqui,Hanne,jhanne5p@geocities.com
207,Hurleigh,Baudins,hbaudins5q@skyrock.com
208,Sioux,Roston,sroston5r@pinterest.com
209,Petronille,Aikenhead,paikenhead5s@amazonaws.com
210,Hyacintha,Roome,hroome5t@europa.eu
211,Didi,Narducci,dnarducci5u@ox.ac.uk
212,Malva,Defty,mdefty5v@tumblr.com
213,Townie,Raleston,traleston5w@tinyurl.com
214,Annalise,Malamore,amalamore5x@elpais.com
215,Cara,Bossom,cbossom5y@phoca.cz
216,Queenie,Shaylor,qshaylor5z@dmoz.org
217,Georgie,Crowley,gcrowley60@berkeley.edu
218,Shandra,Oddie,soddie61@hatena.ne.jp
219,Niki,Mapowder,nmapowder62@booking.com
220,Hadria,Dayes,hdayes63@ca.gov
221,Genni,Goulthorp,ggoulthorp64@multiply.com
222,Joella,Hurdiss,jhurdiss65@wikipedia.org
223,Libbie,Carayol,lcarayol66@dion.ne.jp
224,Averil,Curtis,acurtis67@topsy.com
225,Nappy,Dowle,ndowle68@abc.net.au
226,Shaylyn,Galiero,sgaliero69@pinterest.com
227,Wernher,Bawles,wbawles6a@dmoz.org
228,Bunnie,Kervin,bkervin6b@devhub.com
229,Marcel,Stiegar,mstiegar6c@techcrunch.com
230,Torr,Kemmey,tkemmey6d@sciencedirect.com
231,Randi,Aucutt,raucutt6e@ucsd.edu
232,Patrice,Pomfrett,ppomfrett6f@dmoz.org
233,Marcia,Radnage,mradnage6g@ihg.com
234,Adorne,Storks,astorks6h@oracle.com
235,Pepita,Kenningham,pkenningham6i@engadget.com
236,Budd,Anderl,banderl6j@cbslocal.com
237,Ronalda,Demcik,rdemcik6k@moonfruit.com
238,Corbett,Molloy,cmolloy6l@geocities.jp
239,Leone,Lasham,llasham6m@github.io
240,Nils,Vasiliu,nvasiliu6n@jimdo.com
241,Lawton,Haighton,lhaighton6o@walmart.com
242,De witt,Scohier,dscohier6p@bloglines.com
243,Erl,Brauns,ebrauns6q@hexun.com
244,Lamont,Harower,lharower6r@mayoclinic.com
245,Livvyy,Cluitt,lcluitt6s@phpbb.com
246,Mike,Vise,mvise6t@wikia.com
247,Sallie,Dougan,sdougan6u@yellowbook.com
248,Ranee,Fay,rfay6v@java.com
249,Aili,Yitshak,ayitshak6w@harvard.edu
250,Lotte,Bread,lbread6x@chronoengine.com
251,Wayne,Yackiminie,wyackiminie6y@lycos.com
252,Holly-anne,Bugg,hbugg6z@cbslocal.com
253,Devan,Roarty,droarty70@phoca.cz
254,Jacenta,Lennard,jlennard71@wired.com
255,Joshia,Dillaway,jdillaway72@indiegogo.com
256,Abel,Wallage,awallage73@earthlink.net
257,Sheeree,Kernley,skernley74@wired.com
258,Uriel,Mulligan,umulligan75@cnbc.com
259,Bobby,Gannicleff,bgannicleff76@irs.gov
260,Cody,Abramovitch,cabramovitch77@sbwire.com
261,Quintus,Milsap,qmilsap78@mozilla.com
262,Thibaut,Robathon,trobathon79@house.gov
263,Fabian,Emloch,femloch7a@hp.com
264,Shaylyn,Grcic,sgrcic7b@bbb.org
265,Sheff,Bytheway,sbytheway7c@gizmodo.com
266,Gilly,Episcopi,gepiscopi7d@wordpress.com
267,Jeno,Fabry,jfabry7e@nationalgeographic.com
268,Gorden,Ekless,gekless7f@boston.com
269,Thayne,Reape,treape7g@mayoclinic.com
270,Hamil,Snellman,hsnellman7h@simplemachines.org
271,Fayre,Stinton,fstinton7i@sphinn.com
272,Peggy,Dubois,pdubois7j@google.com.au
273,Viva,Romanini,vromanini7k@google.nl
274,Krista,Ride,kride7l@nba.com
275,Sherline,Van T'Hoog,svanthoog7m@spiegel.de
276,Kara-lynn,Aldritt,kaldritt7n@purevolume.com
277,Erinna,Wrettum,ewrettum7o@home.pl
278,Randall,Hussy,rhussy7p@bandcamp.com
279,Colene,Crame,ccrame7q@wikipedia.org
280,Bree,Giannasi,bgiannasi7r@amazon.co.uk
281,Pebrook,Thonger,pthonger7s@shinystat.com
282,Kiley,Ballsdon,kballsdon7t@netscape.com
283,Karalee,Hestrop,khestrop7u@tumblr.com
284,Lorelei,McCoole,lmccoole7v@myspace.com
285,Valaree,Berringer,vberringer7w@omniture.com
286,Wallis,Tomley,wtomley7x@diigo.com
287,Torrin,Glanders,tglanders7y@bizjournals.com
288,Luis,Leve,lleve7z@quantcast.com
289,Robina,Songist,rsongist80@godaddy.com
290,Kareem,Puddicombe,kpuddicombe81@photobucket.com
291,Mitchell,Eales,meales82@npr.org
292,Jorrie,Kellett,jkellett83@cargocollective.com
293,Rosalie,Louw,rlouw84@nationalgeographic.com
294,Marci,Palatini,mpalatini85@bravesites.com
295,Garrett,Verdun,gverdun86@mail.ru
296,Lula,Bricksey,lbricksey87@livejournal.com
297,Livy,Plumptre,lplumptre88@stanford.edu
298,Rosaleen,Cisson,rcisson89@comcast.net
299,Juliann,Spolton,jspolton8a@walmart.com
300,Leshia,Meenehan,lmeenehan8b@dropbox.com
301,Aileen,Baggaley,abaggaley8c@dot.gov
302,Maryanne,Musla,mmusla8d@youku.com
303,Sibbie,Downing,sdowning8e@guardian.co.uk
304,Janene,Westoff,jwestoff8f@topsy.com
305,Fairfax,Amphlett,famphlett8g@icio.us
306,Anny,Rickell,arickell8h@storify.com
307,Bret,Sargood,bsargood8i@msn.com
308,Kelli,Goldsbury,kgoldsbury8j@sciencedaily.com
309,Beryle,Parrish,bparrish8k@google.co.uk
310,Hugh,Fridlington,hfridlington8l@theglobeandmail.com
311,Benedicta,Nannini,bnannini8m@gizmodo.com
312,Herculie,Comoletti,hcomoletti8n@w3.org
313,Mada,Gatcliff,mgatcliff8o@chronoengine.com
314,Octavius,Bortolini,obortolini8p@xinhuanet.com
315,Sancho,Knibb,sknibb8q@parallels.com
316,Clifford,Vasyagin,cvasyagin8r@last.fm
317,Trever,Grute,tgrute8s@army.mil
318,Myrwyn,Swenson,mswenson8t@ihg.com
319,Ram,Halmkin,rhalmkin8u@chronoengine.com
320,Madelle,Andrey,mandrey8v@yahoo.co.jp
321,Gabby,Wincom,gwincom8w@ameblo.jp
322,Monty,Futcher,mfutcher8x@cdbaby.com
323,Des,Greveson,dgreveson8y@toplist.cz
324,Alikee,Lockhead,alockhead8z@examiner.com
325,Lyndsey,Leftridge,lleftridge90@addtoany.com
326,Chadd,Jakov,cjakov91@cmu.edu
327,Adler,Berrington,aberrington92@smugmug.com
328,Devondra,Brogioni,dbrogioni93@shinystat.com
329,Brod,Guirard,bguirard94@abc.net.au
330,Sunny,Ubach,subach95@imdb.com
331,Bran,Chipperfield,bchipperfield96@gnu.org
332,Reed,Slight,rslight97@usgs.gov
333,Nathalie,Tireman,ntireman98@toplist.cz
334,Merwin,Graveney,mgraveney99@amazonaws.com
335,Orren,Riddler,oriddler9a@newyorker.com
336,Eula,Dormer,edormer9b@fotki.com
337,Gwenni,Mathwin,gmathwin9c@nature.com
338,Baron,Billiard,bbilliard9d@washington.edu
339,Xenia,Moisey,xmoisey9e@nps.gov
340,Deanne,Wardhaw,dwardhaw9f@edublogs.org
341,Vlad,Jolland,vjolland9g@ed.gov
342,Haily,Belchambers,hbelchambers9h@webeden.co.uk
343,John,Lyddiatt,jlyddiatt9i@technorati.com
344,Puff,Gronou,pgronou9j@blog.com
345,Alecia,Blois,ablois9k@printfriendly.com
346,Pippo,Mellmer,pmellmer9l@jimdo.com
347,Latisha,Speeks,lspeeks9m@marriott.com
348,Atlanta,Charlwood,acharlwood9n@businesswire.com
349,Gweneth,Readitt,greaditt9o@pcworld.com
350,Mortie,Bullus,mbullus9p@elegantthemes.com
351,Bernelle,Westmorland,bwestmorland9q@mysql.com
352,D'arcy,Teodori,dteodori9r@last.fm
353,Laina,Dudny,ldudny9s@auda.org.au
354,Kelci,Townshend,ktownshend9t@rediff.com
355,Norbert,Nolda,nnolda9u@moonfruit.com
356,Leela,Dryden,ldryden9v@washington.edu
357,Vic,Posen,vposen9w@army.mil
358,Jobey,Saket,jsaket9x@about.com
359,Devlin,Dunnaway,ddunnaway9y@about.me
360,Harland,Binstead,hbinstead9z@sourceforge.net
361,Hilary,Gaythwaite,hgaythwaitea0@springer.com
362,Llewellyn,Heart,lhearta1@dropbox.com
363,Amby,Stang-Gjertsen,astanggjertsena2@berkeley.edu
364,Way,Pickerin,wpickerina3@deviantart.com
365,Gerry,Trighton,gtrightona4@usnews.com
366,Bryon,Enderby,benderbya5@aol.com
367,William,Larkin,wlarkina6@reuters.com
368,Britteny,Wanderschek,bwanderscheka7@nba.com
369,Kelila,Tumasian,ktumasiana8@fotki.com
370,Newton,Gatrill,ngatrilla9@pagesperso-orange.fr
371,Jane,Johns,jjohnsaa@washington.edu
372,Corrie,Winterflood,cwinterfloodab@csmonitor.com
373,Barbie,Vella,bvellaac@purevolume.com
374,Genvieve,Moorey,gmooreyad@irs.gov
375,Fitzgerald,Ouchterlony,fouchterlonyae@yahoo.co.jp
376,Maurits,Conry,mconryaf@dyndns.org
377,Aguistin,Cadany,acadanyag@slate.com
378,Hayden,Welbeck,hwelbeckah@bbb.org
379,Mikael,Battershall,mbattershallai@parallels.com
380,Mahmoud,Karpmann,mkarpmannaj@about.me
381,Dag,Fownes,dfownesak@vistaprint.com
382,Crosby,Glisenan,cglisenanal@netlog.com
383,Charmian,Turgoose,cturgooseam@live.com
384,Sherilyn,Jeffels,sjeffelsan@wix.com
385,Jerrold,Coper,jcoperao@shop-pro.jp
386,Ervin,Deaville,edeavilleap@wikia.com
387,Terencio,Muslim,tmuslimaq@nsw.gov.au
388,Georgie,Rouse,grousear@facebook.com
389,Norry,Halbard,nhalbardas@lycos.com
390,Val,Lockner,vlocknerat@google.pl
391,Jaymee,Gilbard,jgilbardau@blogger.com
392,Herve,Paff,hpaffav@yandex.ru
393,Madelyn,Barrass,mbarrassaw@phoca.cz
394,Sherwin,Espy,sespyax@sitemeter.com
395,Micah,Walsom,mwalsomay@nyu.edu
396,Otto,Threlkeld,othrelkeldaz@cam.ac.uk
397,Hildagard,Klain,hklainb0@tripadvisor.com
398,Linus,Winger,lwingerb1@japanpost.jp
399,Theresita,Dooman,tdoomanb2@i2i.jp
400,Amalita,Malley,amalleyb3@prlog.org
401,Ruperto,Lugard,rlugardb4@apache.org
402,Adah,Redshaw,aredshawb5@slashdot.org
403,Franklin,Essberger,fessbergerb6@flavors.me
404,Elie,Jepp,ejeppb7@chron.com
405,Marla,Delatour,mdelatourb8@123-reg.co.uk
406,Esme,Hallstone,ehallstoneb9@sohu.com
407,Tomi,Laxson,tlaxsonba@amazon.de
408,Moreen,Mounce,mmouncebb@google.ca
409,Wilmar,Paulino,wpaulinobc@tumblr.com
410,Alix,Byrch,abyrchbd@hhs.gov
411,Danni,Twopenny,dtwopennybe@bizjournals.com
412,Shana,Floch,sflochbf@netlog.com
413,Bartholomeus,Budd,bbuddbg@usatoday.com
414,Jefferson,Ropkins,jropkinsbh@wix.com
415,Emmy,Halburton,ehalburtonbi@addthis.com
416,Nevin,Bourner,nbournerbj@surveymonkey.com
417,Dallon,Olliver,dolliverbk@imdb.com
418,Chadd,Beaford,cbeafordbl@amazon.de
419,Guss,Bruggeman,gbruggemanbm@ted.com
420,Luise,Padmore,lpadmorebn@slideshare.net
421,Isabeau,Duell,iduellbo@weebly.com
422,Bernardine,Whyborn,bwhybornbp@bluehost.com
423,Trevar,Minchenton,tminchentonbq@springer.com
424,Suki,Dast,sdastbr@meetup.com
425,Grady,Cahill,gcahillbs@imgur.com
426,Giselle,Whardley,gwhardleybt@chron.com
427,Olin,Berringer,oberringerbu@fastcompany.com
428,Harriet,Avramov,havramovbv@exblog.jp
429,Hetty,Maunder,hmaunderbw@moonfruit.com
430,Julianna,Temperley,jtemperleybx@rediff.com
431,Rob,Wohler,rwohlerby@nydailynews.com
432,Alfons,Beadnell,abeadnellbz@mlb.com
433,Felice,Verny,fvernyc0@sogou.com
434,Granville,Ankrett,gankrettc1@devhub.com
435,Elisabet,Davidov,edavidovc2@altervista.org
436,Shae,Marklew,smarklewc3@examiner.com
437,Derrick,Greenwell,dgreenwellc4@digg.com
438,Shalna,Pearch,spearchc5@ucoz.com
439,Ophelia,Beaby,obeabyc6@w3.org
440,Rayshell,McGruar,rmcgruarc7@free.fr
441,Marco,Derington,mderingtonc8@deliciousdays.com
442,Garnet,Couling,gcoulingc9@diigo.com
443,Berk,Partkya,bpartkyaca@umn.edu
444,Emmit,Trodden,etroddencb@wp.com
445,Kaela,Davley,kdavleycc@youtube.com
446,Harlan,Darlison,hdarlisoncd@qq.com
447,Mercy,Buckmaster,mbuckmasterce@feedburner.com
448,Mickie,Grebbin,mgrebbincf@adobe.com
449,Gilbert,Critchard,gcritchardcg@tamu.edu
450,Shel,Dabernott,sdabernottch@java.com
451,Lydia,Borell,lborellci@e-recht24.de
452,Engracia,Salvadori,esalvadoricj@devhub.com
453,Tyrone,Kaiser,tkaiserck@infoseek.co.jp
454,Ingunna,Skehan,iskehancl@yahoo.com
455,Frants,Cocklin,fcocklincm@godaddy.com
456,Sigfrid,Tirrell,stirrellcn@tinypic.com
457,Beatrice,Botcherby,bbotcherbyco@w3.org
458,Danielle,Adicot,dadicotcp@feedburner.com
459,Tulley,Storr,tstorrcq@thetimes.co.uk
460,Nadeen,Wescott,nwescottcr@reuters.com
461,Charisse,Molen,cmolencs@bizjournals.com
462,Filberte,Ioselev,fioselevct@ycombinator.com
463,Nelle,Karadzas,nkaradzascu@google.cn
464,Kirby,Frear,kfrearcv@slate.com
465,Nathanial,Hulburt,nhulburtcw@1688.com
466,Garnet,Possek,gpossekcx@arizona.edu
467,Millard,Standering,mstanderingcy@arstechnica.com
468,Corly,MacCoughen,cmaccoughencz@cpanel.net
469,Pat,Szymanski,pszymanskid0@bloglovin.com
470,Simonne,Farrimond,sfarrimondd1@delicious.com
471,Justin,Stratz,jstratzd2@nps.gov
472,Claiborn,Gardener,cgardenerd3@answers.com
473,Trueman,Reding,tredingd4@newsvine.com
474,Anallese,Mechic,amechicd5@constantcontact.com
475,Ally,Drinkhill,adrinkhilld6@hexun.com
476,Matthias,McOrkil,mmcorkild7@so-net.ne.jp
477,Garrett,De Few,gdefewd8@newyorker.com
478,Winny,Vondrach,wvondrachd9@paypal.com
479,Katya,Rolse,krolseda@walmart.com
480,Lucienne,Sichardt,lsichardtdb@jalbum.net
481,Harper,Ragge,hraggedc@jimdo.com
482,Felicle,Tratton,ftrattondd@cnet.com
483,Ingamar,McCree,imccreede@imgur.com
484,Creight,Hubbold,chubbolddf@bizjournals.com
485,Hatty,Fossitt,hfossittdg@pcworld.com
486,Augustus,Dankersley,adankersleydh@eepurl.com
487,Abram,Parsall,aparsalldi@washington.edu
488,Hasheem,Quarrington,hquarringtondj@technorati.com
489,Andeee,Matushevitz,amatushevitzdk@etsy.com
490,Marillin,Braundt,mbraundtdl@weather.com
491,Claudette,Treadwell,ctreadwelldm@a8.net
492,Lyle,McGerr,lmcgerrdn@rakuten.co.jp
493,Bernard,Connue,bconnuedo@moonfruit.com
494,Lisabeth,Mitchelhill,lmitchelhilldp@wikipedia.org
495,Corrianne,Normanvill,cnormanvilldq@plala.or.jp
496,Fawnia,Walbrun,fwalbrundr@fotki.com
497,Aliza,Sarsons,asarsonsds@meetup.com
498,Ara,Harfleet,aharfleetdt@nyu.edu
499,Papagena,Pickworth,ppickworthdu@tinypic.com
500,Justinn,Tibb,jtibbdv@springer.com
501,Flora,Hebron,fhebrondw@wikipedia.org
502,Shari,Vacher,svacherdx@theglobeandmail.com
503,Urbanus,Driussi,udriussidy@tuttocitta.it
504,Gennie,Beane,gbeanedz@shop-pro.jp
505,Silvester,Little,slittlee0@washingtonpost.com
506,Maxim,Fullard,mfullarde1@cbslocal.com
507,Alfie,Hendrik,ahendrike2@theguardian.com
508,Emili,Guilder,eguildere3@ed.gov
509,Ezri,Klebes,eklebese4@ovh.net
510,Blinni,Parham,bparhame5@addtoany.com
511,Anthony,Tiernan,atiernane6@alibaba.com
512,Marline,Feldhorn,mfeldhorne7@msn.com
513,Valli,Rustidge,vrustidgee8@geocities.jp
514,Isador,Seger,isegere9@clickbank.net
515,Roth,Red,rredea@miitbeian.gov.cn
516,Doris,Simms,dsimmseb@arstechnica.com
517,Lorens,Challender,lchallenderec@hud.gov
518,Codie,Bradman,cbradmaned@flavors.me
519,Claiborne,McShirie,cmcshirieee@delicious.com
520,Carmon,Staton,cstatonef@sourceforge.net
521,Phillis,Burchett,pburchetteg@nih.gov
522,Ruthy,Hursthouse,rhursthouseeh@usa.gov
523,Dody,Guinn,dguinnei@tiny.cc
524,Brok,Avramchik,bavramchikej@quantcast.com
525,Shalne,Tallant,stallantek@nsw.gov.au
526,Dael,Lambarth,dlambarthel@ted.com
527,Mitchael,Chapelhow,mchapelhowem@illinois.edu
528,Alfred,Manning,amanningen@examiner.com
529,Elyse,Lubbock,elubbockeo@ehow.com
530,Cyndi,Marielle,cmarielleep@tripadvisor.com
531,Andonis,Bradbrook,abradbrookeq@youtu.be
532,Mureil,Pimbley,mpimbleyer@gizmodo.com
533,Rafael,Schaben,rschabenes@va.gov
534,Revkah,McConnachie,rmcconnachieet@skype.com
535,Montague,Clarae,mclaraeeu@tumblr.com
536,Kendrick,Veal,kvealev@umich.edu
537,Merrily,Edgeson,medgesonew@slideshare.net
538,Everett,Waddup,ewaddupex@alibaba.com
539,Morena,Boylin,mboyliney@dailymotion.com
540,Sharyl,Chastenet,schastenetez@weather.com
541,Perl,Pafford,ppaffordf0@cornell.edu
542,Kara,Jordan,kjordanf1@home.pl
543,Ronnica,Pyne,rpynef2@theatlantic.com
544,Penrod,Suff,psufff3@twitter.com
545,Emmaline,Bowdler,ebowdlerf4@bravesites.com
546,Gabey,Armit,garmitf5@geocities.jp
547,Wilhelm,Rigate,wrigatef6@pbs.org
548,Ranique,Ceaser,rceaserf7@smugmug.com
549,Margie,Pepper,mpepperf8@yellowbook.com
550,Teddy,Zellick,tzellickf9@privacy.gov.au
551,Lurline,Ayrs,layrsfa@myspace.com
552,Bernarr,Isaq,bisaqfb@shareasale.com
553,Morganica,Dauby,mdaubyfc@zdnet.com
554,Ulrica,Rawstorne,urawstornefd@tripadvisor.com
555,Kelsy,Lewisham,klewishamfe@ustream.tv
556,Shalne,Doore,sdooreff@hp.com
557,Oates,Stringer,ostringerfg@imdb.com
558,Heda,Dabel,hdabelfh@mlb.com
559,Jenni,Thaw,jthawfi@joomla.org
560,Izaak,Pawels,ipawelsfj@kickstarter.com
561,Maye,Lewerenz,mlewerenzfk@house.gov
562,Franky,Matton,fmattonfl@guardian.co.uk
563,Miller,Meagher,mmeagherfm@lulu.com
564,Dillie,Gotecliffe,dgotecliffefn@jiathis.com
565,Nathalia,Giamo,ngiamofo@earthlink.net
566,Biron,Lawtie,blawtiefp@jiathis.com
567,Washington,Paskin,wpaskinfq@aboutads.info
568,Natty,Bertomeu,nbertomeufr@blogspot.com
569,Obadiah,Amber,oamberfs@hc360.com
570,Elvina,Linklater,elinklaterft@princeton.edu
571,Osborn,Tradewell,otradewellfu@constantcontact.com
572,Nevins,McMichell,nmcmichellfv@upenn.edu
573,Adolphus,Eltune,aeltunefw@whitehouse.gov
574,Jerome,Withull,jwithullfx@soundcloud.com
575,Brier,Wyer,bwyerfy@scribd.com
576,Sharline,Timmermann,stimmermannfz@sitemeter.com
577,Quinn,Kollatsch,qkollatschg0@google.ru
578,Karena,Bellanger,kbellangerg1@photobucket.com
579,Luz,Prettjohn,lprettjohng2@networksolutions.com
580,Kristen,Daspar,kdasparg3@imageshack.us
581,Annnora,Marzelli,amarzellig4@homestead.com
582,Elsbeth,Rousell,erousellg5@parallels.com
583,Adela,Elnor,aelnorg6@tamu.edu
584,Cassandry,Nanetti,cnanettig7@kickstarter.com
585,Alexis,Beaby,abeabyg8@bloglines.com
586,Flor,Burnup,fburnupg9@lycos.com
587,Freemon,St Clair,fstclairga@delicious.com
588,Kassia,Sawtell,ksawtellgb@noaa.gov
589,Chloris,Simants,csimantsgc@miitbeian.gov.cn
590,Valry,MacGorman,vmacgormangd@naver.com
591,Gearalt,Jerrolt,gjerroltge@xrea.com
592,Des,Cullnean,dcullneangf@indiatimes.com
593,Cass,Clews,cclewsgg@berkeley.edu
594,Kristy,Zappel,kzappelgh@issuu.com
595,Aluin,Red,aredgi@sun.com
596,Ivett,Bartalucci,ibartaluccigj@soup.io
597,Xavier,Style,xstylegk@opera.com
598,Kirstyn,Raymont,kraymontgl@dot.gov
599,Alida,Tadgell,atadgellgm@hexun.com
600,Kristi,Murr,kmurrgn@mediafire.com
601,Leyla,Sheppard,lsheppardgo@ucoz.ru
602,Frans,Okenden,fokendengp@phpbb.com
603,Ogden,Bourthoumieux,obourthoumieuxgq@tinypic.com
604,Orton,Matskevich,omatskevichgr@flickr.com
605,Farrel,Heritege,fheritegegs@huffingtonpost.com
606,Muffin,Morde,mmordegt@yandex.ru
607,Tabby,Eronie,teroniegu@google.com.hk
608,Carey,Caulliere,ccaullieregv@google.es
609,Nelie,Scrimgeour,nscrimgeourgw@accuweather.com
610,Arvin,MacDuff,amacduffgx@google.fr
611,Ferdie,Garaway,fgarawaygy@tinypic.com
612,Adelind,Elia,aeliagz@jimdo.com
613,Alica,Keller,akellerh0@slideshare.net
614,Horacio,Leven,hlevenh1@people.com.cn
615,Sofia,Sackey,ssackeyh2@scribd.com
616,Collete,Pegram,cpegramh3@yelp.com
617,Bobbette,Coode,bcoodeh4@nature.com
618,Nealson,Joel,njoelh5@tinypic.com
619,Lorelei,Allain,lallainh6@washington.edu
620,Shurlocke,Heams,sheamsh7@hatena.ne.jp
621,Pansie,McMillam,pmcmillamh8@phoca.cz
622,Dag,Mickleburgh,dmickleburghh9@ovh.net
623,Giuditta,Felderer,gfeldererha@ifeng.com
624,Windham,Peyro,wpeyrohb@businessinsider.com
625,Filippo,Dutnall,fdutnallhc@samsung.com
626,Florenza,Flewett,fflewetthd@goo.ne.jp
627,Edan,Crann,ecrannhe@webnode.com
628,Gussi,Laetham,glaethamhf@linkedin.com
629,Portie,Sandhill,psandhillhg@apple.com
630,Kimberley,Weld,kweldhh@imgur.com
631,Inessa,Kleinstein,ikleinsteinhi@ifeng.com
632,Woodman,Gladdifh,wgladdifhhj@pinterest.com
633,Jerrome,Keneforde,jkenefordehk@shop-pro.jp
634,Clarissa,Livingston,clivingstonhl@posterous.com
635,Celka,Hairesnape,chairesnapehm@infoseek.co.jp
636,Simon,Corss,scorsshn@thetimes.co.uk
637,Augusto,Pavlenkov,apavlenkovho@guardian.co.uk
638,Michale,Fallis,mfallishp@microsoft.com
639,Karon,Sambles,ksambleshq@google.it
640,Iris,Gidley,igidleyhr@harvard.edu
641,Humphrey,Goodsall,hgoodsallhs@ucla.edu
642,Sybyl,Pigne,spigneht@wikia.com
643,Bibbie,Flockhart,bflockharthu@discuz.net
644,Bliss,Tabard,btabardhv@wikia.com
645,Malchy,Allsworth,mallsworthhw@alexa.com
646,Prent,Labbati,plabbatihx@plala.or.jp
647,Gusty,Pendrigh,gpendrighhy@chron.com
648,Shaine,Tesseyman,stesseymanhz@ovh.net
649,Isadora,Doole,idoolei0@china.com.cn
650,Neddie,Rapo,nrapoi1@cisco.com
651,Clare,Rohan,crohani2@guardian.co.uk
652,Rube,Stockwell,rstockwelli3@joomla.org
653,Blondy,Lorentz,blorentzi4@ifeng.com
654,Laural,Huggan,lhuggani5@geocities.jp
655,Therine,Hagan,thagani6@independent.co.uk
656,Brannon,Bambury,bbamburyi7@pcworld.com
657,Julian,McLoughlin,jmcloughlini8@pagesperso-orange.fr
658,Claiborn,Waszkiewicz,cwaszkiewiczi9@salon.com
659,Arlie,Nerger,anergeria@unicef.org
660,Hilarius,Meere,hmeereib@forbes.com
661,Reynold,Duckham,rduckhamic@cornell.edu
662,Flemming,Fayerman,ffayermanid@nasa.gov
663,Evered,Pozzi,epozziie@slate.com
664,Dina,Beldom,dbeldomif@ca.gov
665,Lemuel,Daniels,ldanielsig@redcross.org
666,Hale,Hinkensen,hhinkensenih@printfriendly.com
667,Dasi,Mogey,dmogeyii@nyu.edu
668,Torey,Mantione,tmantioneij@github.io
669,Blondy,Brugmann,bbrugmannik@pinterest.com
670,Lock,Malster,lmalsteril@engadget.com
671,Leah,Streat,lstreatim@tinyurl.com
672,Rowney,Dyett,rdyettin@google.it
673,Loralyn,Wloch,lwlochio@hao123.com
674,Adriana,Feldhorn,afeldhornip@nyu.edu
675,Suzy,Botham,sbothamiq@nydailynews.com
676,Clyde,Soonhouse,csoonhouseir@state.gov
677,Stella,Himsworth,shimsworthis@toplist.cz
678,Emmalynn,Darker,edarkerit@nhs.uk
679,Thorstein,Seacroft,tseacroftiu@plala.or.jp
680,Ludovico,McCumesky,lmccumeskyiv@globo.com
681,Robbin,O'Spellissey,rospellisseyiw@pcworld.com
682,Rochelle,Panting,rpantingix@skyrock.com
683,Flynn,Ritchley,fritchleyiy@creativecommons.org
684,Lenora,Walhedd,lwalheddiz@1688.com
685,Chloe,Dunrige,cdunrigej0@guardian.co.uk
686,Orlando,Jellis,ojellisj1@usda.gov
687,Chelsae,Crab,ccrabj2@ox.ac.uk
688,Nyssa,Cramphorn,ncramphornj3@engadget.com
689,Ingrim,Quick,iquickj4@rambler.ru
690,Heida,Alishoner,halishonerj5@topsy.com
691,Rustin,Gladdolph,rgladdolphj6@ow.ly
692,Farr,Pouton,fpoutonj7@bbc.co.uk
693,Jamima,Queyeiro,jqueyeiroj8@abc.net.au
694,Barthel,Buddles,bbuddlesj9@cbslocal.com
695,Ariel,Jillings,ajillingsja@dot.gov
696,Lizzy,Klink,lklinkjb@amazon.de
697,Hymie,Cuxon,hcuxonjc@about.com
698,Stephi,Mumm,smummjd@google.co.uk
699,Drusy,Fairpool,dfairpoolje@si.edu
700,Kerianne,Gunby,kgunbyjf@archive.org
701,Cullan,Gildea,cgildeajg@loc.gov
702,Mitchael,Graves,mgravesjh@rediff.com
703,Archibold,Ierland,aierlandji@nih.gov
704,Roderick,Messingham,rmessinghamjj@kickstarter.com
705,Ingaberg,McAuslan,imcauslanjk@blogtalkradio.com
706,Sindee,Fishbourn,sfishbournjl@wufoo.com
707,Hobart,Roskelley,hroskelleyjm@ycombinator.com
708,Spense,Matevushev,smatevushevjn@163.com
709,Meris,Darling,mdarlingjo@sun.com
710,Justinn,Degan,jdeganjp@yahoo.com
711,Ermengarde,Blackway,eblackwayjq@furl.net
712,Merline,Phin,mphinjr@chronoengine.com
713,Yardley,Jahnel,yjahneljs@noaa.gov
714,Lurette,Southey,lsoutheyjt@pbs.org
715,Bobbie,Vinton,bvintonju@sohu.com
716,Foster,Emlin,femlinjv@soundcloud.com
717,Delila,Longworth,dlongworthjw@shinystat.com
718,Cosimo,Andrelli,candrellijx@purevolume.com
719,Chris,Hagard,chagardjy@about.me
720,Sydelle,Sarfass,ssarfassjz@baidu.com
721,Alexandr,Kencott,akencottk0@posterous.com
722,Jess,Cicconetti,jcicconettik1@e-recht24.de
723,Elihu,Kindley,ekindleyk2@ucoz.ru
724,Chan,Ebbles,cebblesk3@webeden.co.uk
725,Caresse,Melchior,cmelchiork4@webeden.co.uk
726,Sheilah,Faherty,sfahertyk5@google.co.uk
727,Yehudit,Herrero,yherrerok6@amazon.com
728,Tirrell,Van T'Hoog,tvanthoogk7@diigo.com
729,Brendis,Whitlam,bwhitlamk8@clickbank.net
730,Halie,Broadhurst,hbroadhurstk9@slideshare.net
731,Reggie,Stidworthy,rstidworthyka@youku.com
732,Charmion,Camoletto,ccamolettokb@goo.gl
733,Valencia,Windmill,vwindmillkc@ifeng.com
734,Erich,Barratt,ebarrattkd@google.ca
735,Prudence,Girogetti,pgirogettike@seesaa.net
736,Celestyna,Howbrook,chowbrookkf@bbc.co.uk
737,Trixy,Napolitano,tnapolitanokg@cdbaby.com
738,Novelia,Irwin,nirwinkh@facebook.com
739,Fan,Studholme,fstudholmeki@microsoft.com
740,Kerwin,Costin,kcostinkj@behance.net
741,Nikolas,Barnes,nbarneskk@jimdo.com
742,Hamilton,Sentinella,hsentinellakl@360.cn
743,Merrick,Decaze,mdecazekm@wisc.edu
744,Tate,Veal,tvealkn@toplist.cz
745,Kelsi,Whitwam,kwhitwamko@amazon.co.uk
746,Kalindi,McInulty,kmcinultykp@biblegateway.com
747,Tonie,Clover,tcloverkq@indiegogo.com
748,Ethan,McCook,emccookkr@bing.com
749,Shaine,Adnams,sadnamsks@networkadvertising.org
750,Julina,Krikorian,jkrikoriankt@smh.com.au
751,Moishe,Geekie,mgeekieku@fema.gov
752,Florentia,Bengall,fbengallkv@boston.com
753,Rubi,Vondracek,rvondracekkw@noaa.gov
754,Tamas,Kopps,tkoppskx@networksolutions.com
755,Felipe,Eccleshare,feccleshareky@independent.co.uk
756,Abby,Lucey,aluceykz@bluehost.com
757,Adolpho,Van Daalen,avandaalenl0@devhub.com
758,Hildagarde,Stapele,hstapelel1@wired.com
759,Warner,Filtness,wfiltnessl2@amazon.com
760,Kurt,Wadworth,kwadworthl3@blog.com
761,Diana,Heaffey,dheaffeyl4@army.mil
762,Ogdon,McLernon,omclernonl5@walmart.com
763,Cordie,Darthe,cdarthel6@ucoz.ru
764,Oliviero,Issakov,oissakovl7@google.com
765,Decca,Richemont,drichemontl8@reddit.com
766,Bastian,Kitcatt,bkitcattl9@ft.com
767,Della,Thorneloe,dthorneloela@bbc.co.uk
768,Carlota,Mumm,cmummlb@toplist.cz
769,Rochell,Guisby,rguisbylc@mapy.cz
770,Cynthie,Jacobsz,cjacobszld@pen.io
771,Marilin,Fotitt,mfotittle@patch.com
772,Dickie,Gaitskell,dgaitskelllf@geocities.jp
773,Daisy,Justun,djustunlg@barnesandnoble.com
774,Aeriela,Winscomb,awinscomblh@goo.gl
775,Lesly,Gathercole,lgathercoleli@netlog.com
776,Corrine,Snarie,csnarielj@theguardian.com
777,Halimeda,Emett,hemettlk@soundcloud.com
778,Eveline,Poulter,epoulterll@craigslist.org
779,Fiona,Basson,fbassonlm@mac.com
780,Doria,Josefer,djoseferln@technorati.com
781,Robena,Nafziger,rnafzigerlo@tripod.com
782,Reidar,Clarage,rclaragelp@rediff.com
783,Mirelle,Spat,mspatlq@zimbio.com
784,Mavra,Cheesley,mcheesleylr@weather.com
785,Jeno,Debold,jdeboldls@msu.edu
786,Ardisj,Tidridge,atidridgelt@admin.ch
787,Marcile,Noweak,mnoweaklu@csmonitor.com
788,Milton,MacKeller,mmackellerlv@msu.edu
789,Drucill,Sweedland,dsweedlandlw@surveymonkey.com
790,Nancy,Langridge,nlangridgelx@prweb.com
791,Ruby,Frayling,rfraylingly@go.com
792,Claude,Guittet,cguittetlz@tamu.edu
793,Brockie,Tantum,btantumm0@delicious.com
794,Leona,Corrigan,lcorriganm1@va.gov
795,Kimberlyn,Kinvan,kkinvanm2@yelp.com
796,Chrisy,Abrahams,cabrahamsm3@yellowpages.com
797,Joane,De Angelo,jdeangelom4@cloudflare.com
798,Alyssa,Stanistrete,astanistretem5@list-manage.com
799,Debee,Fintoph,dfintophm6@infoseek.co.jp
800,Ilaire,Tiltman,itiltmanm7@nbcnews.com
801,Judy,Pennycook,jpennycookm8@independent.co.uk
802,Pierson,Bolger,pbolgerm9@google.de
803,Danella,Szanto,dszantoma@blinklist.com
804,Louis,Sumption,lsumptionmb@bizjournals.com
805,Hastie,Stapleford,hstaplefordmc@ovh.net
806,Ilyse,Ferreri,iferrerimd@wufoo.com
807,Ester,Ingle,eingleme@europa.eu
808,Teddy,Halewood,thalewoodmf@topsy.com
809,Dionne,Elvin,delvinmg@xrea.com
810,Normie,Gepp,ngeppmh@java.com
811,Dorree,Anfossi,danfossimi@meetup.com
812,Sabra,O' Loughran,soloughranmj@unicef.org
813,Rayshell,O'Kielt,rokieltmk@umich.edu
814,Leila,Andretti,landrettiml@usda.gov
815,Lotta,Pacey,lpaceymm@vk.com
816,Carl,Ellard,cellardmn@ask.com
817,Elicia,Carles,ecarlesmo@oracle.com
818,Johnath,Pentony,jpentonymp@ibm.com
819,Ravi,Lethem,rlethemmq@ucsd.edu
820,Tandi,McAuley,tmcauleymr@devhub.com
821,Laurena,Davsley,ldavsleyms@umn.edu
822,Leisha,Orriss,lorrissmt@weebly.com
823,Alanah,Tomich,atomichmu@delicious.com
824,Cyndia,Bates,cbatesmv@linkedin.com
825,Samara,Burrel,sburrelmw@yellowpages.com
826,Danette,Dickenson,ddickensonmx@github.io
827,Des,Fitkin,dfitkinmy@reference.com
828,Adolphus,Ackerman,aackermanmz@theglobeandmail.com
829,Myrlene,Bene,mbenen0@google.co.jp
830,Cleopatra,Lofting,cloftingn1@lulu.com
831,Arvin,Niesing,aniesingn2@wordpress.org
832,Phyllida,Alsobrook,palsobrookn3@paypal.com
833,Chester,Cejka,ccejkan4@nifty.com
834,Deanne,Widdicombe,dwiddicomben5@psu.edu
835,Stephenie,Colquhoun,scolquhounn6@wsj.com
836,Alejandrina,Kolodziejski,akolodziejskin7@unicef.org
837,Alyson,Worsfold,aworsfoldn8@ocn.ne.jp
838,Auria,Cavendish,acavendishn9@discovery.com
839,Emlynn,Martyns,emartynsna@elpais.com
840,Tynan,Mattimoe,tmattimoenb@theglobeandmail.com
841,Fayina,Jobes,fjobesnc@hugedomains.com
842,Doralin,Reiglar,dreiglarnd@webs.com
843,Bret,Berrie,bberriene@merriam-webster.com
844,Wyatan,Fishe,wfishenf@networkadvertising.org
845,Oates,Andree,oandreeng@youtube.com
846,Felecia,Comusso,fcomussonh@theatlantic.com
847,Levey,Matityahu,lmatityahuni@storify.com
848,Brendin,McKoy,bmckoynj@slate.com
849,Lewie,Keoghane,lkeoghanenk@is.gd
850,Noellyn,Carslake,ncarslakenl@mapy.cz
851,Sim,Mushet,smushetnm@purevolume.com
852,Donnamarie,Gale,dgalenn@goodreads.com
853,Keely,Iliffe,kiliffeno@photobucket.com
854,Karita,Vockings,kvockingsnp@csmonitor.com
855,Briano,Tedder,bteddernq@smh.com.au
856,Rosalyn,Terlinden,rterlindennr@cnet.com
857,Jayne,Dukesbury,jdukesburyns@theglobeandmail.com
858,Boothe,Etherson,bethersonnt@businessweek.com
859,Johnette,Fazan,jfazannu@cdc.gov
860,Morten,Curson,mcursonnv@umn.edu
861,Inness,Garlic,igarlicnw@paginegialle.it
862,Katheryn,Eyree,keyreenx@jugem.jp
863,Mikol,Slessar,mslessarny@gov.uk
864,Miranda,Josuweit,mjosuweitnz@bravesites.com
865,Putnem,Extal,pextalo0@youtu.be
866,Caryl,Paraman,cparamano1@hexun.com
867,Lyssa,Laing,llaingo2@shop-pro.jp
868,Lonnard,Dicty,ldictyo3@eventbrite.com
869,Emyle,Duell,eduello4@homestead.com
870,Alfie,Sparkes,asparkeso5@examiner.com
871,Artus,Armin,aarmino6@nationalgeographic.com
872,Nata,Bedminster,nbedminstero7@dailymotion.com
873,Shelby,Esselen,sesseleno8@businessinsider.com
874,Caldwell,Raddin,craddino9@ebay.co.uk
875,Dani,Meeny,dmeenyoa@harvard.edu
876,Ryon,Yude,ryudeob@dyndns.org
877,Enrica,Chartman,echartmanoc@discuz.net
878,Cassie,Bulleyn,cbulleynod@yelp.com
879,Burk,Murrhaupt,bmurrhauptoe@tripod.com
880,Loralee,McReynold,lmcreynoldof@newsvine.com
881,Sharity,Beetlestone,sbeetlestoneog@myspace.com
882,Minnie,Battye,mbattyeoh@themeforest.net
883,Melody,Kenway,mkenwayoi@digg.com
884,Alana,Danskine,adanskineoj@instagram.com
885,Gilligan,Cadigan,gcadiganok@multiply.com
886,Holli,Clac,hclacol@oaic.gov.au
887,Vernice,Noke,vnokeom@gmpg.org
888,Brianna,Shimony,bshimonyon@xing.com
889,Cindelyn,Budget,cbudgetoo@wiley.com
890,Linn,Beverley,lbeverleyop@nature.com
891,Mirabel,Barke,mbarkeoq@phpbb.com
892,Vick,Gayler,vgayleror@seesaa.net
893,Flo,Wilde,fwildeos@boston.com
894,Arnaldo,Blowne,ablowneot@intel.com
895,Balduin,Menure,bmenureou@sciencedaily.com
896,Kennedy,Mickelwright,kmickelwrightov@soundcloud.com
897,Conant,McAsgill,cmcasgillow@myspace.com
898,Andre,Petersen,apetersenox@netvibes.com
899,Buckie,Pimme,bpimmeoy@businessweek.com
900,Michelle,Doyle,mdoyleoz@live.com
901,Cori,Berrisford,cberrisfordp0@archive.org
902,Lucinda,Theobold,ltheoboldp1@google.co.uk
903,Lyndsie,Skym,lskymp2@ox.ac.uk
904,Gaby,Learmont,glearmontp3@cbslocal.com
905,Ky,Greystoke,kgreystokep4@ezinearticles.com
906,Gilberta,Lesurf,glesurfp5@pen.io
907,Sheridan,Tudge,studgep6@mapy.cz
908,Alley,Bilovus,abilovusp7@archive.org
909,Noam,Baline,nbalinep8@surveymonkey.com
910,Tish,Eskriett,teskriettp9@tinyurl.com
911,Jacob,Flatte,jflattepa@salon.com
912,Clywd,Lerigo,clerigopb@admin.ch
913,Ferd,Silverthorne,fsilverthornepc@goo.ne.jp
914,Cristobal,Culcheth,cculchethpd@columbia.edu
915,Tanny,O'Skehan,toskehanpe@nature.com
916,Pamelina,Tuffin,ptuffinpf@youtube.com
917,Clevey,Fairbourn,cfairbournpg@cargocollective.com
918,Baron,Niesegen,bniesegenph@flavors.me
919,Sly,Cheyne,scheynepi@etsy.com
920,Zebadiah,Karpman,zkarpmanpj@123-reg.co.uk
921,Arlinda,McLaggan,amclagganpk@unblog.fr
922,Anet,Bryson,abrysonpl@xing.com
923,Elias,Killeley,ekilleleypm@spotify.com
924,Valeda,Chinnick,vchinnickpn@mysql.com
925,Jeanna,Yukhnev,jyukhnevpo@liveinternet.ru
926,Norrie,Whiteside,nwhitesidepp@altervista.org
927,Monro,Bouch,mbouchpq@uiuc.edu
928,Ad,Philcox,aphilcoxpr@github.io
929,Eli,Sabben,esabbenps@lycos.com
930,Friedrich,Suatt,fsuattpt@skype.com
931,Cosmo,Regler,creglerpu@sina.com.cn
932,Andrea,Middleditch,amiddleditchpv@free.fr
933,Nathan,Boosey,nbooseypw@auda.org.au
934,Fred,Childerley,fchilderleypx@quantcast.com
935,Ilene,Usherwood,iusherwoodpy@rakuten.co.jp
936,Berk,Corradetti,bcorradettipz@ebay.co.uk
937,Dacie,Leander,dleanderq0@mysql.com
938,Nona,Raffeorty,nraffeortyq1@bandcamp.com
939,Ailsun,Burris,aburrisq2@livejournal.com
940,Dniren,Mepsted,dmepstedq3@illinois.edu
941,Lorena,Birtle,lbirtleq4@hostgator.com
942,Benoite,Piletic,bpileticq5@addtoany.com
943,Bordy,Jills,bjillsq6@cafepress.com
944,Noach,Poltun,npoltunq7@people.com.cn
945,Elke,Pavie,epavieq8@virginia.edu
946,Andres,Wimlet,awimletq9@123-reg.co.uk
947,Nelia,Samsworth,nsamsworthqa@jimdo.com
948,Maitilde,Pakenham,mpakenhamqb@ycombinator.com
949,Cecelia,Brokenshaw,cbrokenshawqc@guardian.co.uk
950,Levi,Halloway,lhallowayqd@nhs.uk
951,Joanna,Stollman,jstollmanqe@telegraph.co.uk
952,Vina,Hamnett,vhamnettqf@engadget.com
953,Mallory,Dirr,mdirrqg@salon.com
954,Jeremy,Rodgman,jrodgmanqh@feedburner.com
955,Hugo,Dillaway,hdillawayqi@live.com
956,Say,Swyne,sswyneqj@independent.co.uk
957,Margo,Purkis,mpurkisqk@webmd.com
958,Krishnah,Duffan,kduffanql@pinterest.com
959,Danell,Habbershon,dhabbershonqm@youtu.be
960,Whittaker,Duchan,wduchanqn@google.fr
961,Genevra,Hospital,ghospitalqo@youtube.com
962,Kenyon,Sparham,ksparhamqp@storify.com
963,Sherill,Timms,stimmsqq@cdbaby.com
964,Warren,Bissiker,wbissikerqr@yale.edu
965,Zechariah,Bremmell,zbremmellqs@independent.co.uk
966,Marcille,Gavaghan,mgavaghanqt@trellian.com
967,Emlen,Latimer,elatimerqu@dell.com
968,Bernadette,Conrard,bconrardqv@51.la
969,Franny,Juszczyk,fjuszczykqw@feedburner.com
970,Tabby,Youll,tyoullqx@exblog.jp
971,Wendall,Ivoshin,wivoshinqy@marketwatch.com
972,Cordelia,Royans,croyansqz@yellowbook.com
973,Judith,Brougham,jbroughamr0@google.com.hk
974,Desirae,Arbon,darbonr1@1und1.de
975,Arnuad,De Roos,aderoosr2@squarespace.com
976,Ellyn,McMenamie,emcmenamier3@histats.com
977,Rubie,Milesop,rmilesopr4@com.com
978,Essie,Cleever,ecleeverr5@delicious.com
979,Leontine,Aguilar,laguilarr6@reference.com
980,Noelyn,McGlew,nmcglewr7@zimbio.com
981,Duncan,Brownlee,dbrownleer8@hc360.com
982,Elenore,Creer,ecreerr9@google.es
983,Mario,Dany,mdanyra@mashable.com
984,Carmine,Yearby,cyearbyrb@soup.io
985,Franny,Gurge,fgurgerc@eventbrite.com
986,Rheba,Browne,rbrownerd@mashable.com
987,Lanny,Antognoni,lantognonire@redcross.org
988,Calypso,Goldstone,cgoldstonerf@theglobeandmail.com
989,Leeland,Vatcher,lvatcherrg@studiopress.com
990,Salomi,Leslie,sleslierh@ucla.edu
991,Conway,Cantwell,ccantwellri@naver.com
992,Christy,Dell,cdellrj@ameblo.jp
993,Robena,Hydes,rhydesrk@soundcloud.com
994,Brock,Blanc,bblancrl@comsenz.com
995,Bealle,Quainton,bquaintonrm@histats.com
996,Lawton,Showte,lshowtern@blinklist.com
997,Dolorita,Britt,dbrittro@hubpages.com
998,Savina,McCleod,smccleodrp@dell.com
999,Appolonia,Daen,adaenrq@webmd.com
1000,Edan,Toms,etomsrr@tmall.com
