id,first_name,last_name,email
1,Gabriello,Jordison,gjordison0@google.es
2,Jourdain,Marty,jmarty1@mayoclinic.com
3,Borden,Imlen,bimlen2@sakura.ne.jp
4,Sylvester,Jacobowitz,sjacobowitz3@tiny.cc
5,Faulkner,Hilbourne,fhilbourne4@live.com
6,Huey,Iuorio,hiuorio5@elpais.com
7,Hilary,Monckman,hmonckman6@nyu.edu
8,Kipper,Ilewicz,kilewicz7@slate.com
9,Adriano,Lanbertoni,alanbertoni8@apple.com
10,Lorry,Tritton,ltritton9@narod.ru
11,Burton,Gifkins,bgifkinsa@oracle.com
12,Lauraine,Elliman,lellimanb@geocities.com
13,Vincent,Loughney,vloughneyc@nba.com
14,Wendeline,Molloy,wmolloyd@accuweather.com
15,Trish,Kraut,tkraute@weibo.com
16,Bertrando,Greeve,bgreevef@wordpress.com
17,Sherm,Hyde-Chambers,shydechambersg@nsw.gov.au
18,Corinna,McKeand,cmckeandh@latimes.com
19,Harper,Trood,htroodi@de.vu
20,Garrard,Tappin,gtappinj@cdbaby.com
21,Berna,Elvey,belveyk@archive.org
22,Vidovik,Airy,vairyl@army.mil
23,Lucio,Heindrich,lheindrichm@google.com
24,Perceval,Mourbey,pmourbeyn@printfriendly.com
25,Maje,Fairholm,mfairholmo@cbslocal.com
26,Romola,Levi,rlevip@sogou.com
27,Kynthia,Bursnall,kbursnallq@flavors.me
28,Benny,Neil,bneilr@biglobe.ne.jp
29,Shannah,Twelves,stwelvess@hhs.gov
30,Steffane,Fripp,sfrippt@list-manage.com
31,Merell,Duigenan,mduigenanu@sun.com
32,Elke,Kisar,ekisarv@pinterest.com
33,Renaud,Bavin,rbavinw@ebay.co.uk
34,Wain,Jossel,wjosselx@webnode.com
35,Aldin,Feehely,afeehelyy@theatlantic.com
36,Laetitia,Larcier,llarcierz@barnesandnoble.com
37,Meir,Sarfass,msarfass10@phoca.cz
38,Ashely,Orrick,aorrick11@va.gov
39,Levon,Sallings,lsallings12@vkontakte.ru
40,Chance,Ludovico,cludovico13@so-net.ne.jp
41,Beauregard,Meekins,bmeekins14@parallels.com
42,Anderea,Boxhall,aboxhall15@indiegogo.com
43,Modestia,Jedryka,mjedryka16@canalblog.com
44,Chauncey,Moscon,cmoscon17@51.la
45,Edwin,Willoughby,ewilloughby18@printfriendly.com
46,Russ,Biaggetti,rbiaggetti19@friendfeed.com
47,Devi,O'Lagene,dolagene1a@disqus.com
48,Eudora,Videneev,evideneev1b@ovh.net
49,Christos,Werlock,cwerlock1c@etsy.com
50,Elene,Ralph,eralph1d@nyu.edu
51,Nollie,Von Der Empten,nvonderempten1e@desdev.cn
52,Ewen,Jannaway,ejannaway1f@cnbc.com
53,Arvin,Dignam,adignam1g@surveymonkey.com
54,Olva,Martellini,omartellini1h@photobucket.com
55,Connie,Gillingwater,cgillingwater1i@samsung.com
56,Ailina,Thewles,athewles1j@kickstarter.com
57,Ninetta,Winchurch,nwinchurch1k@myspace.com
58,Bridie,Fadden,bfadden1l@nyu.edu
59,Clayson,Tsarovic,ctsarovic1m@blogspot.com
60,Pansie,Rattenbury,prattenbury1n@delicious.com
61,Rodney,Tacey,rtacey1o@archive.org
62,Aube,Brandi,abrandi1p@yale.edu
63,Christine,Veysey,cveysey1q@umn.edu
64,Levy,Orht,lorht1r@usda.gov
65,Lindi,Bare,lbare1s@narod.ru
66,Agatha,Rosendorf,arosendorf1t@biblegateway.com
67,Lexine,Sheardown,lsheardown1u@nymag.com
68,Hobey,Newns,hnewns1v@example.com
69,Kerrin,Legan,klegan1w@istockphoto.com
70,Karylin,Cominetti,kcominetti1x@mediafire.com
71,Mara,Tims,mtims1y@youtu.be
72,Cristionna,Mantha,cmantha1z@wikia.com
73,Mic,Gorse,mgorse20@about.com
74,Eddy,Trulocke,etrulocke21@newsvine.com
75,Killie,Dressel,kdressel22@bing.com
76,Emmerich,Smedmore,esmedmore23@homestead.com
77,Roseanna,Falconer,rfalconer24@eepurl.com
78,Cash,Bhar,cbhar25@webs.com
79,Donnamarie,Fairfoot,dfairfoot26@marriott.com
80,Jaymee,Formby,jformby27@gov.uk
81,Norrie,Shurmer,nshurmer28@naver.com
82,Tommi,Sloat,tsloat29@gizmodo.com
83,Juanita,Giacomello,jgiacomello2a@over-blog.com
84,Myles,Levett,mlevett2b@cocolog-nifty.com
85,Trescha,MacMarcuis,tmacmarcuis2c@icq.com
86,Tailor,Rysdale,trysdale2d@xrea.com
87,Michaeline,Thrasher,mthrasher2e@typepad.com
88,Cynthy,Simcox,csimcox2f@ed.gov
89,Nelle,Charlick,ncharlick2g@mtv.com
90,Willis,Arter,warter2h@shareasale.com
91,Barbie,Koppelmann,bkoppelmann2i@earthlink.net
92,Arlena,Livingstone,alivingstone2j@ehow.com
93,Giles,Bremmell,gbremmell2k@simplemachines.org
94,Juana,Bartoletti,jbartoletti2l@joomla.org
95,Zacharie,Lamba,zlamba2m@multiply.com
96,Budd,Stallen,bstallen2n@a8.net
97,Corrina,Warrender,cwarrender2o@jalbum.net
98,Shandeigh,Yellowlee,syellowlee2p@pen.io
99,Gelya,Botwood,gbotwood2q@tuttocitta.it
100,Nada,Boyer,nboyer2r@goodreads.com
101,Andi,Robyns,arobyns2s@hud.gov
102,Celisse,Casse,ccasse2t@hud.gov
103,Danya,Swane,dswane2u@icio.us
104,Stafford,Geddis,sgeddis2v@slideshare.net
105,Reube,McIlmorie,rmcilmorie2w@sourceforge.net
106,Pietro,Bruniges,pbruniges2x@virginia.edu
107,Antonella,Westall,awestall2y@hud.gov
108,Waverly,Myrkus,wmyrkus2z@dmoz.org
109,Alexi,Fontanet,afontanet30@prnewswire.com
110,Darelle,Habert,dhabert31@sun.com
111,Lynna,Jales,ljales32@blogs.com
112,Sayre,Idel,sidel33@huffingtonpost.com
113,Elga,Escala,eescala34@biblegateway.com
114,Joaquin,Barrett,jbarrett35@posterous.com
115,Merna,Hugett,mhugett36@dell.com
116,Alvina,Hurworth,ahurworth37@latimes.com
117,Stephani,Lagadu,slagadu38@so-net.ne.jp
118,Hayes,Neaverson,hneaverson39@is.gd
119,Wylie,Ick,wick3a@ftc.gov
120,Bertrando,Stutard,bstutard3b@w3.org
121,Normy,Raffin,nraffin3c@cdc.gov
122,Gonzales,Downgate,gdowngate3d@tripadvisor.com
123,Indira,Van Arsdall,ivanarsdall3e@nih.gov
124,Milissent,Bonsey,mbonsey3f@cloudflare.com
125,Sianna,Bahia,sbahia3g@histats.com
126,Darren,Bonelle,dbonelle3h@usda.gov
127,Karlis,Joris,kjoris3i@diigo.com
128,Nance,Gallgher,ngallgher3j@springer.com
129,Lacey,Gittins,lgittins3k@nbcnews.com
130,Natka,Wasteney,nwasteney3l@purevolume.com
131,Dora,Lagneaux,dlagneaux3m@artisteer.com
132,Donny,Ormond,dormond3n@csmonitor.com
133,Tedi,Billingsly,tbillingsly3o@bandcamp.com
134,Zorana,Whitfeld,zwhitfeld3p@ustream.tv
135,Lorenza,Goodbairn,lgoodbairn3q@wikimedia.org
136,Shayla,Becarra,sbecarra3r@i2i.jp
137,Lettie,Jozef,ljozef3s@seesaa.net
138,Mallorie,Hillum,mhillum3t@dion.ne.jp
139,Hester,Larne,hlarne3u@narod.ru
140,Maribelle,Mathouse,mmathouse3v@hexun.com
141,Herold,Yellop,hyellop3w@usnews.com
142,Rutledge,Ajam,rajam3x@va.gov
143,Sylvia,Schollar,sschollar3y@linkedin.com
144,Andris,Lenin,alenin3z@unesco.org
145,Sumner,Mallock,smallock40@google.co.jp
146,Jarrid,Ormond,jormond41@google.com.br
147,Gilles,Ballaam,gballaam42@behance.net
148,Harmonie,Tick,htick43@bloglines.com
149,Tadio,Szymanzyk,tszymanzyk44@yahoo.com
150,Deloria,Potteridge,dpotteridge45@istockphoto.com
151,Gerianne,Edgler,gedgler46@va.gov
152,Angelo,Catchpole,acatchpole47@ow.ly
153,Erny,Bellas,ebellas48@comsenz.com
154,Matthias,Peacock,mpeacock49@reddit.com
155,Maryjo,Brewin,mbrewin4a@vinaora.com
156,Cybill,Morena,cmorena4b@myspace.com
157,Arvie,Sponer,asponer4c@sfgate.com
158,Ashby,Clews,aclews4d@vinaora.com
159,Brad,Tilbey,btilbey4e@sogou.com
160,Ilyssa,McNuff,imcnuff4f@illinois.edu
161,Sheeree,Albasini,salbasini4g@epa.gov
162,Madelyn,Fattorini,mfattorini4h@zdnet.com
163,Barret,Kenealy,bkenealy4i@nifty.com
164,Gottfried,Tame,gtame4j@newsvine.com
165,Mada,Gluyas,mgluyas4k@reverbnation.com
166,Ebenezer,Jeannon,ejeannon4l@shareasale.com
167,Lauren,Ferreira,lferreira4m@opensource.org
168,Ennis,Streak,estreak4n@addthis.com
169,Orin,Noton,onoton4o@vk.com
170,Chucho,How to preserve,chowtopreserve4p@dot.gov
171,Yale,Dessant,ydessant4q@fotki.com
172,Janeta,Bydaway,jbydaway4r@nature.com
173,Caprice,Pedroni,cpedroni4s@senate.gov
174,Robby,Austing,rausting4t@comsenz.com
175,Rowena,Howorth,rhoworth4u@youku.com
176,Salvador,Chstney,schstney4v@dedecms.com
177,Cad,Hutchison,chutchison4w@japanpost.jp
178,Batsheva,Lusher,blusher4x@slashdot.org
179,Valentia,Cuxon,vcuxon4y@rediff.com
180,Teena,Londing,tlonding4z@slashdot.org
181,Leone,Berg,lberg50@wikimedia.org
182,Letitia,Hamlin,lhamlin51@etsy.com
183,Zenia,Rudgerd,zrudgerd52@goodreads.com
184,Kelbee,Scripture,kscripture53@mit.edu
185,Teddi,Jojic,tjojic54@google.es
186,Cindi,Grigsby,cgrigsby55@aol.com
187,Douglass,Chislett,dchislett56@sohu.com
188,Eldon,Alejo,ealejo57@ftc.gov
189,Zorah,Algie,zalgie58@discovery.com
190,Gwennie,Duffan,gduffan59@samsung.com
191,Cecile,Tinson,ctinson5a@de.vu
192,Inez,Glasser,iglasser5b@nih.gov
193,Reina,Arnaldy,rarnaldy5c@tmall.com
194,Rona,Cleevely,rcleevely5d@blogspot.com
195,Felisha,Aughtie,faughtie5e@geocities.com
196,Normie,Burnand,nburnand5f@blog.com
197,Marcellus,Sneezem,msneezem5g@berkeley.edu
198,Freddie,Storek,fstorek5h@paypal.com
199,Alan,Fritz,afritz5i@aboutads.info
200,Uriel,Kennet,ukennet5j@wikipedia.org
201,Garrott,Shepeard,gshepeard5k@twitter.com
202,Babara,Neilus,bneilus5l@e-recht24.de
203,Ilaire,Winfred,iwinfred5m@addthis.com
204,Jorrie,Knee,jknee5n@cargocollective.com
205,Bing,Kinzel,bkinzel5o@telegraph.co.uk
206,Gabby,Sydenham,gsydenham5p@lulu.com
207,Edwin,Sonley,esonley5q@irs.gov
208,Irwinn,Bartolomeu,ibartolomeu5r@wufoo.com
209,Olympia,Chugg,ochugg5s@bizjournals.com
210,Lynnette,Loughan,lloughan5t@macromedia.com
211,Cora,Brahams,cbrahams5u@goodreads.com
212,Calley,Hindhaugh,chindhaugh5v@loc.gov
213,Ange,Sier,asier5w@utexas.edu
214,Inigo,Haseley,ihaseley5x@nymag.com
215,Nicol,Rauprich,nrauprich5y@wunderground.com
216,Carl,Shankland,cshankland5z@skyrock.com
217,Ninetta,Shanahan,nshanahan60@engadget.com
218,Lia,Bramhall,lbramhall61@sakura.ne.jp
219,Wilfred,Bunson,wbunson62@xing.com
220,Ashia,Zupo,azupo63@cpanel.net
221,Ramsey,Richens,rrichens64@uol.com.br
222,Gherardo,Lanchberry,glanchberry65@un.org
223,Harri,Careless,hcareless66@chicagotribune.com
224,Jaynell,Consadine,jconsadine67@ucoz.com
225,Alison,Jopke,ajopke68@fastcompany.com
226,Arin,Pietrusiak,apietrusiak69@t-online.de
227,Osgood,Colecrough,ocolecrough6a@weebly.com
228,Zacharie,Varley,zvarley6b@cisco.com
229,Rasla,Regnard,rregnard6c@stumbleupon.com
230,Fara,Wiffler,fwiffler6d@cdc.gov
231,Ivette,McIlrath,imcilrath6e@wordpress.org
232,Karlen,Ellsom,kellsom6f@ning.com
233,Athene,Stilgo,astilgo6g@stanford.edu
234,Mayer,Joao,mjoao6h@imgur.com
235,Esdras,Nannoni,enannoni6i@dagondesign.com
236,Catha,McAless,cmcaless6j@joomla.org
237,Ashlee,Cullotey,acullotey6k@themeforest.net
238,Channa,Jaquiss,cjaquiss6l@cocolog-nifty.com
239,Amalle,Goodsall,agoodsall6m@weather.com
240,Elna,O'Halloran,eohalloran6n@archive.org
241,Josephina,Kent,jkent6o@tiny.cc
242,Patience,Umpleby,pumpleby6p@stumbleupon.com
243,Wally,Schanke,wschanke6q@so-net.ne.jp
244,Gavra,Breddy,gbreddy6r@wp.com
245,Cherilynn,Breacher,cbreacher6s@over-blog.com
246,Daveta,Strettell,dstrettell6t@flickr.com
247,Randy,Vogele,rvogele6u@prlog.org
248,Carlyn,Gildersleeve,cgildersleeve6v@pen.io
249,Bart,Rey,brey6w@alexa.com
250,Bride,Benedit,bbenedit6x@omniture.com
251,Bernette,Kulicke,bkulicke6y@youtu.be
252,Zachery,Whaymand,zwhaymand6z@tinypic.com
253,Ara,Phair,aphair70@netlog.com
254,Vanni,Vick,vvick71@xinhuanet.com
255,Lula,Heinreich,lheinreich72@gov.uk
256,Angy,Durrance,adurrance73@illinois.edu
257,Stanley,Mortell,smortell74@networksolutions.com
258,Winonah,Swindle,wswindle75@fc2.com
259,Araldo,Atkirk,aatkirk76@ihg.com
260,Camey,Godlip,cgodlip77@sun.com
261,Billy,Hartshorn,bhartshorn78@icq.com
262,Marnie,Easterbrook,measterbrook79@usa.gov
263,Barn,Bringloe,bbringloe7a@army.mil
264,Ly,Picopp,lpicopp7b@oakley.com
265,Waverley,Pring,wpring7c@moonfruit.com
266,Dione,Brideoke,dbrideoke7d@weibo.com
267,Lucho,Lensch,llensch7e@multiply.com
268,Mavis,Stone,mstone7f@icq.com
269,Marybelle,Lillicrop,mlillicrop7g@ucsd.edu
270,Celestia,Rosbrough,crosbrough7h@foxnews.com
271,Myer,Simo,msimo7i@dmoz.org
272,Jodie,Croisdall,jcroisdall7j@cam.ac.uk
273,Dominick,Knill,dknill7k@twitpic.com
274,Imojean,Bungey,ibungey7l@deviantart.com
275,Kara-lynn,Ecclesall,kecclesall7m@webnode.com
276,Rollo,Saull,rsaull7n@ihg.com
277,Walker,MacCombe,wmaccombe7o@toplist.cz
278,Isa,Huskisson,ihuskisson7p@nbcnews.com
279,Jacinthe,Pouton,jpouton7q@indiatimes.com
280,Irena,Babon,ibabon7r@shutterfly.com
281,Reggie,Bails,rbails7s@blogspot.com
282,Tedie,Lewis,tlewis7t@craigslist.org
283,Yancy,Moggie,ymoggie7u@wordpress.org
284,Osborn,Baines,obaines7v@pbs.org
285,Deane,Schorah,dschorah7w@usnews.com
286,Kelsey,Buttle,kbuttle7x@slashdot.org
287,Francisca,Tineman,ftineman7y@is.gd
288,Car,Brettelle,cbrettelle7z@java.com
289,Sylvester,Maty,smaty80@japanpost.jp
290,Enrica,Robottham,erobottham81@go.com
291,Catriona,Paumier,cpaumier82@icio.us
292,Spence,Furnell,sfurnell83@google.co.jp
293,Bebe,Habgood,bhabgood84@google.de
294,Jasen,Honniebal,jhonniebal85@sfgate.com
295,Charyl,Maddocks,cmaddocks86@weather.com
296,Nicholle,Straneo,nstraneo87@gmpg.org
297,Dory,Pease,dpease88@prlog.org
298,Cecilia,Bulmer,cbulmer89@intel.com
299,Dorie,Shailer,dshailer8a@nasa.gov
300,Meredithe,Pagram,mpagram8b@google.nl
301,Enrico,Bennett,ebennett8c@google.com.au
302,Irving,Passman,ipassman8d@studiopress.com
303,Nan,Benley,nbenley8e@zimbio.com
304,Tracie,Andriessen,tandriessen8f@gravatar.com
305,Brandise,Feehery,bfeehery8g@wp.com
306,Archambault,Castellino,acastellino8h@linkedin.com
307,Pat,Monson,pmonson8i@pen.io
308,Beret,Bucke,bbucke8j@jugem.jp
309,Farlee,Ickovicz,fickovicz8k@foxnews.com
310,Dareen,Lucian,dlucian8l@woothemes.com
311,Peirce,Lazenbury,plazenbury8m@lycos.com
312,Korney,Arnowicz,karnowicz8n@bing.com
313,Carma,Lacroix,clacroix8o@home.pl
314,Rois,Scamadin,rscamadin8p@nytimes.com
315,Maddy,Spurman,mspurman8q@furl.net
316,Rourke,Grandisson,rgrandisson8r@exblog.jp
317,Jennee,Morden,jmorden8s@weibo.com
318,Lemuel,Dall,ldall8t@weebly.com
319,Mag,Harriday,mharriday8u@unblog.fr
320,Roderigo,Hodgen,rhodgen8v@sogou.com
321,Rock,O'Shiels,roshiels8w@umich.edu
322,Wallis,Tissington,wtissington8x@businessweek.com
323,Charmion,Barnsdale,cbarnsdale8y@msn.com
324,Julee,Aim,jaim8z@tiny.cc
325,Terry,Chiese,tchiese90@imdb.com
326,Bambi,Banbrigge,bbanbrigge91@addthis.com
327,Odilia,Brisson,obrisson92@taobao.com
328,Davida,Martijn,dmartijn93@army.mil
329,Reese,Mendus,rmendus94@reference.com
330,Yves,Giannazzi,ygiannazzi95@e-recht24.de
331,Dawn,Adshed,dadshed96@liveinternet.ru
332,Sande,Aires,saires97@dagondesign.com
333,Kiah,Tenaunt,ktenaunt98@typepad.com
334,Perl,Owttrim,powttrim99@soup.io
335,Meggy,Beedon,mbeedon9a@forbes.com
336,Clemmy,Rey,crey9b@time.com
337,Tabb,Chapman,tchapman9c@mysql.com
338,Tamqrah,Croote,tcroote9d@oaic.gov.au
339,Joanne,Mehew,jmehew9e@springer.com
340,Cherin,Nisard,cnisard9f@eventbrite.com
341,Deborah,Vannoort,dvannoort9g@sitemeter.com
342,Chevy,Scanlon,cscanlon9h@msn.com
343,Geraldine,Corballis,gcorballis9i@nih.gov
344,Hale,Hounsom,hhounsom9j@answers.com
345,Wendy,Jeanesson,wjeanesson9k@ycombinator.com
346,Eloise,Grasha,egrasha9l@nydailynews.com
347,Minetta,Segges,msegges9m@cdbaby.com
348,Elvin,Summerlee,esummerlee9n@xinhuanet.com
349,Annis,Brotherton,abrotherton9o@vimeo.com
350,Doll,Nuccii,dnuccii9p@bbc.co.uk
351,Raymond,Keal,rkeal9q@disqus.com
352,Artemas,Hanburry,ahanburry9r@imgur.com
353,Mattheus,Hammon,mhammon9s@utexas.edu
354,Jo,Halley,jhalley9t@theatlantic.com
355,Kelsey,Kettlesing,kkettlesing9u@networksolutions.com
356,Ileana,Matts,imatts9v@gravatar.com
357,Kean,Heymes,kheymes9w@wisc.edu
358,Jillane,Majury,jmajury9x@harvard.edu
359,Klement,Brenton,kbrenton9y@youtube.com
360,Caz,Sollime,csollime9z@unicef.org
361,Isiahi,Arent,iarenta0@craigslist.org
362,Wain,Ziehm,wziehma1@w3.org
363,Hilton,Oosthout de Vree,hoosthoutdevreea2@behance.net
364,Gregorius,Amies,gamiesa3@cam.ac.uk
365,Niles,Hillen,nhillena4@eepurl.com
366,Gustie,Champney,gchampneya5@ehow.com
367,Sheffie,Swanborough,sswanborougha6@cloudflare.com
368,Frasquito,Rendell,frendella7@ask.com
369,Alley,Follett,afolletta8@canalblog.com
370,Joye,Gherarducci,jgherarduccia9@google.com
371,Boone,Dottridge,bdottridgeaa@sphinn.com
372,Darryl,McFadin,dmcfadinab@cdbaby.com
373,Dotti,Wilbor,dwilborac@cafepress.com
374,Karen,Fischer,kfischerad@symantec.com
375,Inger,Folcarelli,ifolcarelliae@discuz.net
376,Barney,Emerson,bemersonaf@unesco.org
377,Almire,Saintsbury,asaintsburyag@exblog.jp
378,Demetre,Bradley,dbradleyah@jimdo.com
379,Hyacinthia,Preator,hpreatorai@marriott.com
380,Sylas,Leeder,sleederaj@taobao.com
381,Earl,Aujouanet,eaujouanetak@etsy.com
382,Gilberto,Ravilus,gravilusal@who.int
383,Hanson,Josselson,hjosselsonam@posterous.com
384,Renaud,Barkworth,rbarkworthan@ning.com
385,Josi,Grishmanov,jgrishmanovao@sitemeter.com
386,Bobette,Pascall,bpascallap@nifty.com
387,Letitia,Hurler,lhurleraq@istockphoto.com
388,Beck,Capron,bcapronar@twitpic.com
389,Nataline,Thorpe,nthorpeas@uol.com.br
390,Jae,Hopkyns,jhopkynsat@accuweather.com
391,Jenny,Ault,jaultau@sina.com.cn
392,Alika,Norheny,anorhenyav@nytimes.com
393,Kalina,Bartleet,kbartleetaw@zdnet.com
394,Shayna,Rout,sroutax@irs.gov
395,Gael,Zanneli,gzanneliay@dell.com
396,Sully,Wagg,swaggaz@topsy.com
397,Dasya,Dudbridge,ddudbridgeb0@comsenz.com
398,Quinn,Glazyer,qglazyerb1@noaa.gov
399,Ealasaid,Rivelin,erivelinb2@twitter.com
400,Jesus,Scutts,jscuttsb3@over-blog.com
401,Livvyy,Gleed,lgleedb4@harvard.edu
402,Janeczka,Kalewe,jkaleweb5@jiathis.com
403,Maximilianus,Aird,mairdb6@wix.com
404,Dennie,Fader,dfaderb7@domainmarket.com
405,Camey,Hallybone,challyboneb8@cyberchimps.com
406,Helen-elizabeth,Roostan,hroostanb9@mtv.com
407,Lem,Ferrierio,lferrierioba@economist.com
408,Katti,Pennycord,kpennycordbb@utexas.edu
409,Teddie,McGeady,tmcgeadybc@joomla.org
410,Sofie,Pordal,spordalbd@geocities.jp
411,Alix,Paniman,apanimanbe@amazon.co.uk
412,Guglielma,Knappett,gknappettbf@google.com.au
413,Ekaterina,Cramb,ecrambbg@oaic.gov.au
414,Dudley,Daddow,ddaddowbh@amazonaws.com
415,Rickie,Spurden,rspurdenbi@taobao.com
416,Dani,Jerram,djerrambj@hhs.gov
417,Lesly,Barthot,lbarthotbk@networkadvertising.org
418,Adamo,Di Bartolomeo,adibartolomeobl@aol.com
419,Sue,Caldaro,scaldarobm@google.de
420,Ilyse,Sweetlove,isweetlovebn@google.es
421,Tamas,Dowles,tdowlesbo@flickr.com
422,Tabitha,Jaslem,tjaslembp@biblegateway.com
423,Reiko,Lakeman,rlakemanbq@washingtonpost.com
424,Raimondo,Sponder,rsponderbr@salon.com
425,Damara,Carff,dcarffbs@abc.net.au
426,Barbey,Dunbobin,bdunbobinbt@over-blog.com
427,Caro,Dober,cdoberbu@sciencedirect.com
428,Corty,Kings,ckingsbv@cocolog-nifty.com
429,Gilles,Rentcome,grentcomebw@imageshack.us
430,Danika,Erridge,derridgebx@europa.eu
431,Celinda,McAuslan,cmcauslanby@4shared.com
432,Gerard,Dallow,gdallowbz@moonfruit.com
433,Margalo,Ivanusyev,mivanusyevc0@wikipedia.org
434,Weber,Skittrall,wskittrallc1@amazon.de
435,Britte,Firby,bfirbyc2@biglobe.ne.jp
436,Randee,Degli Abbati,rdegliabbatic3@blogtalkradio.com
437,Archie,Rosberg,arosbergc4@mlb.com
438,Ugo,Cumbers,ucumbersc5@github.io
439,Fawn,Bowmaker,fbowmakerc6@amazon.co.jp
440,Cecile,Betser,cbetserc7@jugem.jp
441,Alfi,Woodberry,awoodberryc8@elpais.com
442,Martynne,Edsell,medsellc9@com.com
443,Christyna,Kerner,ckernerca@yellowbook.com
444,Hilario,Josse,hjossecb@nydailynews.com
445,Tadd,Byneth,tbynethcc@elpais.com
446,Meghann,Jouhandeau,mjouhandeaucd@netvibes.com
447,Neville,Currom,ncurromce@ask.com
448,Mendie,Reddin,mreddincf@yellowpages.com
449,Suki,Rugieri,srugiericg@mlb.com
450,Britni,Whannel,bwhannelch@reuters.com
451,Gnni,Barron,gbarronci@harvard.edu
452,Aurelia,Stride,astridecj@godaddy.com
453,Davita,Knowlys,dknowlysck@wikia.com
454,Lucila,Niblett,lniblettcl@goo.gl
455,Marguerite,Vinden,mvindencm@myspace.com
456,Kristos,Seawright,kseawrightcn@vistaprint.com
457,Nichole,Sambath,nsambathco@eventbrite.com
458,Jephthah,Emlen,jemlencp@pagesperso-orange.fr
459,Spenser,Rosenkrantz,srosenkrantzcq@t-online.de
460,Tait,Pollendine,tpollendinecr@apple.com
461,Tommie,Nott,tnottcs@webmd.com
462,Leupold,Tranter,ltranterct@dmoz.org
463,Trudie,Tibalt,ttibaltcu@dagondesign.com
464,Eva,Francie,efranciecv@japanpost.jp
465,Pasquale,Yaldren,pyaldrencw@arizona.edu
466,Hallie,Lambart,hlambartcx@usnews.com
467,Jade,Davidou,jdavidoucy@bluehost.com
468,Augie,Bixley,abixleycz@europa.eu
469,Cati,Paulillo,cpaulillod0@weebly.com
470,Modesty,Penwright,mpenwrightd1@vimeo.com
471,Starla,Pawle,spawled2@1688.com
472,Karyn,Geldeford,kgeldefordd3@elegantthemes.com
473,Benito,Cookley,bcookleyd4@amazon.co.uk
474,Wallas,Bidewell,wbidewelld5@si.edu
475,Murdoch,Bosma,mbosmad6@newyorker.com
476,Gretta,Paulsen,gpaulsend7@biblegateway.com
477,Glenn,Whisson,gwhissond8@reference.com
478,Annelise,Root,arootd9@chron.com
479,Cleavland,Ablett,cablettda@tamu.edu
480,Cindee,Itzkovsky,citzkovskydb@upenn.edu
481,Rene,Doodney,rdoodneydc@wix.com
482,Tedi,Barwack,tbarwackdd@mit.edu
483,Itch,Goble,igoblede@sohu.com
484,Rriocard,Brane,rbranedf@mayoclinic.com
485,Allen,Guillard,aguillarddg@pinterest.com
486,Lon,Knotte,lknottedh@irs.gov
487,Flo,Davenhill,fdavenhilldi@dot.gov
488,Shanna,Tellwright,stellwrightdj@issuu.com
489,Paquito,Grzelczyk,pgrzelczykdk@xrea.com
490,Anastassia,Crosby,acrosbydl@yahoo.com
491,Maible,Holberry,mholberrydm@bandcamp.com
492,Wang,Fusco,wfuscodn@prlog.org
493,Jerrold,Issacov,jissacovdo@miitbeian.gov.cn
494,Elsey,Marchenko,emarchenkodp@eepurl.com
495,Claudian,Walster,cwalsterdq@bravesites.com
496,Fred,Casetti,fcasettidr@moonfruit.com
497,Gerrard,McKeaveney,gmckeaveneyds@dropbox.com
498,Letta,Aldritt,laldrittdt@bizjournals.com
499,Levy,MacKenney,lmackenneydu@constantcontact.com
500,Sela,Padberry,spadberrydv@icio.us
501,Christopher,Daniau,cdaniaudw@admin.ch
502,Cornie,Deason,cdeasondx@businessinsider.com
503,Malia,Tomaselli,mtomasellidy@google.com.au
504,Augusta,Cowles,acowlesdz@ovh.net
505,Margy,Kear,mkeare0@prweb.com
506,Lezley,Aird,lairde1@dailymail.co.uk
507,Sherie,Middlebrook,smiddlebrooke2@mapy.cz
508,Morgen,Ruckhard,mruckharde3@tripod.com
509,Tomlin,Ninnis,tninnise4@icio.us
510,Daron,Loton,dlotone5@sbwire.com
511,Tory,Thaim,tthaime6@creativecommons.org
512,Kayle,Figgen,kfiggene7@wikispaces.com
513,Lucretia,Cayley,lcayleye8@mashable.com
514,Lucais,Este,lestee9@blogspot.com
515,Iseabal,Croneen,icroneenea@ucsd.edu
516,Glen,Vasilmanov,gvasilmanoveb@walmart.com
517,Carita,Beales,cbealesec@cam.ac.uk
518,Gustavus,Wickens,gwickensed@samsung.com
519,Curt,McCallion,cmccallionee@creativecommons.org
520,Miles,Guiso,mguisoef@imageshack.us
521,Leroi,Coleman,lcolemaneg@1und1.de
522,Adora,O'Carney,aocarneyeh@china.com.cn
523,Hilliary,Mogie,hmogieei@washingtonpost.com
524,Faunie,Joint,fjointej@squarespace.com
525,Skelly,Gallant,sgallantek@sitemeter.com
526,Gino,Beeston,gbeestonel@paypal.com
527,Dione,Paolone,dpaoloneem@reddit.com
528,Claudio,Bodicum,cbodicumen@ning.com
529,Hailey,Critzen,hcritzeneo@wp.com
530,Waring,Husselbee,whusselbeeep@elegantthemes.com
531,Alfie,Busfield,abusfieldeq@un.org
532,Northrop,Mushrow,nmushrower@themeforest.net
533,Zeke,Paraman,zparamanes@yandex.ru
534,Obidiah,Eixenberger,oeixenbergeret@msn.com
535,Kane,Van der Kruys,kvanderkruyseu@csmonitor.com
536,Catriona,Jinda,cjindaev@uiuc.edu
537,Nydia,Jakes,njakesew@histats.com
538,Kendricks,Cattrell,kcattrellex@wsj.com
539,Camella,Stealey,cstealeyey@printfriendly.com
540,Abagail,Copeland,acopelandez@csmonitor.com
541,Lilllie,Gianulli,lgianullif0@w3.org
542,Leontine,Urling,lurlingf1@studiopress.com
543,Janek,Bainbridge,jbainbridgef2@dedecms.com
544,Franni,Dring,fdringf3@blog.com
545,Fidelia,Eltringham,feltringhamf4@ocn.ne.jp
546,Brittne,Johl,bjohlf5@symantec.com
547,Roxane,Condliffe,rcondliffef6@liveinternet.ru
548,Clarance,Dowdeswell,cdowdeswellf7@google.co.uk
549,Schuyler,Colum,scolumf8@google.com.br
550,Harmonie,Sidlow,hsidlowf9@blogger.com
551,Worden,Caldron,wcaldronfa@networkadvertising.org
552,Amory,Haycraft,ahaycraftfb@meetup.com
553,Laurie,MacGettigen,lmacgettigenfc@berkeley.edu
554,Ange,Farrear,afarrearfd@google.com.br
555,Xerxes,Gresswood,xgresswoodfe@altervista.org
556,Chan,Savery,csaveryff@360.cn
557,Cammi,Mee,cmeefg@boston.com
558,Charlton,Kristufek,ckristufekfh@scribd.com
559,Gunter,Boncore,gboncorefi@studiopress.com
560,Georgeanna,Savell,gsavellfj@pinterest.com
561,Normy,Gley,ngleyfk@hc360.com
562,Adey,Rumsey,arumseyfl@weibo.com
563,Brendin,Ingrey,bingreyfm@cbc.ca
564,Scarface,Althrope,salthropefn@hubpages.com
565,Annadiana,Aleksashin,aaleksashinfo@va.gov
566,Arliene,Pressnell,apressnellfp@tripod.com
567,Garnet,Steutly,gsteutlyfq@craigslist.org
568,Correna,Von Welden,cvonweldenfr@slashdot.org
569,Albertina,Kollasch,akollaschfs@moonfruit.com
570,Aleta,McWhorter,amcwhorterft@newsvine.com
571,Hedwiga,Howcroft,hhowcroftfu@usda.gov
572,Jannel,Smalridge,jsmalridgefv@nasa.gov
573,Aubine,Binner,abinnerfw@ebay.com
574,Ilysa,Sinney,isinneyfx@google.es
575,Belvia,Wrathmall,bwrathmallfy@pcworld.com
576,Noelani,Webb-Bowen,nwebbbowenfz@wired.com
577,Lacey,Bearfoot,lbearfootg0@scribd.com
578,Tanitansy,Lyard,tlyardg1@amazonaws.com
579,Amandi,Ramsden,aramsdeng2@last.fm
580,Denny,Le Sieur,dlesieurg3@google.it
581,Esmeralda,Terlinden,eterlindeng4@blogger.com
582,Justinian,Allred,jallredg5@hud.gov
583,Rutledge,Woodford,rwoodfordg6@salon.com
584,Eadie,Kerrigan,ekerrigang7@1und1.de
585,Brian,Mordaunt,bmordauntg8@economist.com
586,Rufe,Maitland,rmaitlandg9@cbslocal.com
587,Elsy,Buckoke,ebuckokega@buzzfeed.com
588,Debera,Lecordier,dlecordiergb@chicagotribune.com
589,Orbadiah,Lightollers,olightollersgc@thetimes.co.uk
590,Angele,Blampey,ablampeygd@home.pl
591,Nahum,Dickons,ndickonsge@bloglines.com
592,Konstanze,Mattocks,kmattocksgf@1688.com
593,Austine,McDonell,amcdonellgg@globo.com
594,Conrado,Thebes,cthebesgh@wix.com
595,Darb,Fontenot,dfontenotgi@trellian.com
596,La verne,Macer,lmacergj@zimbio.com
597,Gipsy,Forrest,gforrestgk@ihg.com
598,Lorry,Gardener,lgardenergl@rakuten.co.jp
599,Tabor,Denziloe,tdenziloegm@npr.org
600,Corliss,Hamer,chamergn@phoca.cz
601,Rory,Bassham,rbasshamgo@tinyurl.com
602,Dionne,Winser,dwinsergp@yolasite.com
603,Aubrey,Di Maria,adimariagq@nyu.edu
604,Aveline,Meneur,ameneurgr@yahoo.co.jp
605,Karlie,Baumer,kbaumergs@google.fr
606,Gretta,Norville,gnorvillegt@dell.com
607,Teodoor,McAndrew,tmcandrewgu@macromedia.com
608,Joyan,Priver,jprivergv@ucoz.ru
609,Catrina,Overshott,covershottgw@cnbc.com
610,Merrili,Santon,msantongx@adobe.com
611,Teodoro,Muckleston,tmucklestongy@lycos.com
612,Riccardo,Astling,rastlinggz@mail.ru
613,Caldwell,Brissard,cbrissardh0@naver.com
614,Shawna,Hrycek,shrycekh1@51.la
615,Fanchette,Ascraft,fascrafth2@networkadvertising.org
616,Hildegarde,Hurlston,hhurlstonh3@accuweather.com
617,Dino,Naden,dnadenh4@harvard.edu
618,Annmaria,Vodden,avoddenh5@google.fr
619,Kinny,Alphonso,kalphonsoh6@un.org
620,Brande,Print,bprinth7@gov.uk
621,Tamiko,Fehner,tfehnerh8@nhs.uk
622,Brenden,Vampouille,bvampouilleh9@livejournal.com
623,Viola,Wyche,vwycheha@github.com
624,Garrott,Yoselevitch,gyoselevitchhb@privacy.gov.au
625,Lydia,Garnsworthy,lgarnsworthyhc@ifeng.com
626,Bartram,Rupke,brupkehd@techcrunch.com
627,Louisette,Ashton,lashtonhe@cbc.ca
628,Elyssa,Rackham,erackhamhf@apple.com
629,Raquel,Jancy,rjancyhg@mozilla.org
630,Sylvan,Eliaz,seliazhh@walmart.com
631,Stephanie,Bazeley,sbazeleyhi@sakura.ne.jp
632,Kort,Lowbridge,klowbridgehj@goo.gl
633,Lanie,Swannie,lswanniehk@telegraph.co.uk
634,Lyn,Shillitto,lshillittohl@auda.org.au
635,Gates,Riches,gricheshm@walmart.com
636,Waring,Southan,wsouthanhn@tumblr.com
637,Pauletta,Cruwys,pcruwysho@goo.gl
638,Jennifer,Crowson,jcrowsonhp@google.com.hk
639,Orbadiah,Caird,ocairdhq@foxnews.com
640,Gillan,Niave,gniavehr@craigslist.org
641,Kizzee,Heaney,kheaneyhs@wix.com
642,Matelda,Keyes,mkeyesht@nymag.com
643,Ansel,Marc,amarchu@multiply.com
644,Pegeen,Lochran,plochranhv@slideshare.net
645,Vinson,Ratnage,vratnagehw@gov.uk
646,Ardyce,Somers,asomershx@pagesperso-orange.fr
647,Ailene,Jewkes,ajewkeshy@google.de
648,Jerry,Kristoffersson,jkristofferssonhz@salon.com
649,Bill,Kenwyn,bkenwyni0@biblegateway.com
650,Annetta,Kingdom,akingdomi1@earthlink.net
651,Adeline,Andriolli,aandriollii2@github.io
652,Abeu,Chat,achati3@nyu.edu
653,Aurelea,McBrearty,amcbreartyi4@amazon.com
654,Pat,Meadway,pmeadwayi5@ebay.com
655,Verna,Delooze,vdeloozei6@un.org
656,Amity,Elmore,aelmorei7@unicef.org
657,Harp,Durdle,hdurdlei8@state.gov
658,Gare,Standley,gstandleyi9@sohu.com
659,Erie,Eronie,eeronieia@netvibes.com
660,Orelie,Chalke,ochalkeib@exblog.jp
661,Tommie,Canter,tcanteric@google.co.jp
662,Winfred,Vanacci,wvanacciid@springer.com
663,Margaux,Cleverley,mcleverleyie@umn.edu
664,Frederick,Tyres,ftyresif@github.com
665,Leisha,Balentyne,lbalentyneig@salon.com
666,Deane,Casse,dcasseih@arizona.edu
667,Paulina,Vidgen,pvidgenii@oaic.gov.au
668,Mohammed,Dinley,mdinleyij@ucoz.com
669,Halley,Borg,hborgik@themeforest.net
670,Agnola,Yacobsohn,ayacobsohnil@issuu.com
671,Dyanna,Bell,dbellim@constantcontact.com
672,Hermon,Lumsdaine,hlumsdainein@squidoo.com
673,Jonis,Baldacco,jbaldaccoio@fastcompany.com
674,Renell,Gobat,rgobatip@sbwire.com
675,Kimberlee,Macy,kmacyiq@ftc.gov
676,Ruy,Dodshon,rdodshonir@washington.edu
677,Art,Backe,abackeis@ebay.com
678,Elvin,Duhig,eduhigit@livejournal.com
679,Mirilla,Hayland,mhaylandiu@google.es
680,Rafi,Andreix,randreixiv@time.com
681,Hamid,Hedditch,hhedditchiw@pagesperso-orange.fr
682,Sargent,Westall,swestallix@wufoo.com
683,Engelbert,Andras,eandrasiy@amazon.co.jp
684,Kalle,Fouracre,kfouracreiz@liveinternet.ru
685,Derick,Plumer,dplumerj0@slashdot.org
686,Beauregard,Beetles,bbeetlesj1@exblog.jp
687,Issiah,Peakman,ipeakmanj2@forbes.com
688,Bertha,Benech,bbenechj3@wikia.com
689,Wallache,Lalley,wlalleyj4@usnews.com
690,Gaylene,Le Moucheux,glemoucheuxj5@ning.com
691,Lilias,Nurcombe,lnurcombej6@google.fr
692,Alejoa,O'Heagertie,aoheagertiej7@sciencedaily.com
693,Aimee,Downes,adownesj8@twitpic.com
694,Tamera,Valentetti,tvalentettij9@ifeng.com
695,Billy,Wilkisson,bwilkissonja@fc2.com
696,Stormie,Copyn,scopynjb@ebay.co.uk
697,Sal,Van Hesteren,svanhesterenjc@phoca.cz
698,Hermon,Coggon,hcoggonjd@typepad.com
699,Lorinda,Fullard,lfullardje@themeforest.net
700,Mathe,Kildale,mkildalejf@wix.com
701,Percival,Iggo,piggojg@bloomberg.com
702,Gwenni,Gowthrop,ggowthropjh@fema.gov
703,Jabez,Flahive,jflahiveji@4shared.com
704,Farris,Renhard,frenhardjj@netscape.com
705,Josselyn,Latan,jlatanjk@blogspot.com
706,Edythe,Ribey,eribeyjl@aol.com
707,Irvin,Courtier,icourtierjm@vistaprint.com
708,Franky,Baggot,fbaggotjn@umich.edu
709,Catherin,Wardle,cwardlejo@tumblr.com
710,Jo,Pumphrey,jpumphreyjp@paginegialle.it
711,Mina,Meldrum,mmeldrumjq@yale.edu
712,Fernande,Seven,fsevenjr@123-reg.co.uk
713,Anastassia,Whistlecroft,awhistlecroftjs@behance.net
714,Anatollo,Strapp,astrappjt@linkedin.com
715,Sande,Stowgill,sstowgillju@japanpost.jp
716,Marika,Grestie,mgrestiejv@examiner.com
717,Rozele,Draude,rdraudejw@csmonitor.com
718,Bartholemy,Warrack,bwarrackjx@google.co.jp
719,Baxy,Spearett,bspearettjy@macromedia.com
720,Barnebas,Diche,bdichejz@dedecms.com
721,Ninnetta,Vaen,nvaenk0@tripadvisor.com
722,Willamina,Piller,wpillerk1@canalblog.com
723,Ursula,Laxon,ulaxonk2@tinyurl.com
724,Karel,Carolan,kcarolank3@tinyurl.com
725,Cristen,Aitkin,caitkink4@google.ru
726,Sapphira,Jzhakov,sjzhakovk5@sciencedirect.com
727,Christian,Hinnerk,chinnerkk6@telegraph.co.uk
728,Jeremie,Hasluck,jhasluckk7@usgs.gov
729,Debby,Baalham,dbaalhamk8@shareasale.com
730,Adler,Diwell,adiwellk9@nyu.edu
731,Crawford,Gelderd,cgelderdka@hc360.com
732,Carmine,Seely,cseelykb@paypal.com
733,Kahlil,Tatlock,ktatlockkc@narod.ru
734,Madelle,Syce,msycekd@msn.com
735,Thelma,Gantzer,tgantzerke@bbb.org
736,Silvana,McCahill,smccahillkf@quantcast.com
737,Lorette,Beardmore,lbeardmorekg@usa.gov
738,Arnoldo,Westfalen,awestfalenkh@wired.com
739,Kriste,Fluger,kflugerki@princeton.edu
740,Bernardo,Sowthcote,bsowthcotekj@webmd.com
741,Otto,Tapply,otapplykk@gnu.org
742,Rickard,Callingham,rcallinghamkl@cbc.ca
743,Dianemarie,Burnand,dburnandkm@intel.com
744,Lee,Greger,lgregerkn@tuttocitta.it
745,Jane,Fawkes,jfawkesko@networksolutions.com
746,Harwilll,Lincke,hlinckekp@shinystat.com
747,Vonni,Boumphrey,vboumphreykq@so-net.ne.jp
748,Dora,Fransinelli,dfransinellikr@phpbb.com
749,Vivianna,Addlestone,vaddlestoneks@trellian.com
750,Darnall,Tuke,dtukekt@etsy.com
751,Casandra,Yeatman,cyeatmanku@si.edu
752,Brina,Geggus,bgegguskv@engadget.com
753,Emmeline,Lace,elacekw@blinklist.com
754,Lenna,Keith,lkeithkx@histats.com
755,Murry,McWaters,mmcwatersky@japanpost.jp
756,Claudell,Consadine,cconsadinekz@rambler.ru
757,Clarissa,Waight,cwaightl0@tiny.cc
758,Alfreda,Thorold,athoroldl1@stumbleupon.com
759,Nahum,Gheeraert,ngheeraertl2@indiatimes.com
760,Jesselyn,Mouse,jmousel3@jiathis.com
761,Madeline,Jack,mjackl4@mayoclinic.com
762,Dalis,Saipy,dsaipyl5@icq.com
763,Lyndy,Dafter,ldafterl6@cafepress.com
764,Chic,Catenot,ccatenotl7@ft.com
765,Ede,Fortey,eforteyl8@barnesandnoble.com
766,Kylila,Einchcombe,keinchcombel9@sfgate.com
767,Patsy,Hamlin,phamlinla@earthlink.net
768,Clement,Rollins,crollinslb@dailymotion.com
769,Liane,Tressler,ltresslerlc@indiegogo.com
770,Grata,Connichie,gconnichield@networkadvertising.org
771,Kerry,MacArd,kmacardle@mayoclinic.com
772,Kristos,Carnduff,kcarndufflf@goo.gl
773,Aubrey,Marlor,amarlorlg@myspace.com
774,Konstance,Vautin,kvautinlh@last.fm
775,Maribelle,Danilchenko,mdanilchenkoli@gnu.org
776,Alli,Forton,afortonlj@usatoday.com
777,Tawsha,Proughten,tproughtenlk@unesco.org
778,Elita,Hourican,ehouricanll@networksolutions.com
779,Corene,Barcroft,cbarcroftlm@e-recht24.de
780,Manuel,Cronin,mcroninln@shop-pro.jp
781,Addia,Fryer,afryerlo@jigsy.com
782,Dov,McParlin,dmcparlinlp@trellian.com
783,Eddie,Britney,ebritneylq@latimes.com
784,Renie,Harkins,rharkinslr@sciencedaily.com
785,Mahmud,Hryncewicz,mhryncewiczls@tmall.com
786,Leisha,Garmey,lgarmeylt@nps.gov
787,Rena,Danet,rdanetlu@biglobe.ne.jp
788,Ulrich,McArd,umcardlv@netlog.com
789,Ethelda,Lidington,elidingtonlw@sfgate.com
790,Devy,McLae,dmclaelx@census.gov
791,Dehlia,Sansam,dsansamly@addthis.com
792,Rutledge,Ash,rashlz@nytimes.com
793,Shara,Hussey,shusseym0@yelp.com
794,Linus,Wilgar,lwilgarm1@java.com
795,Emera,Bridgstock,ebridgstockm2@amazon.com
796,Orelie,Deeming,odeemingm3@sakura.ne.jp
797,Nicola,Scuffham,nscuffhamm4@virginia.edu
798,Orin,Wiszniewski,owiszniewskim5@google.com.hk
799,Ethan,Morgon,emorgonm6@umich.edu
800,Rip,Agg,raggm7@howstuffworks.com
801,Crichton,Dunrige,cdunrigem8@tinypic.com
802,Eddy,Amberson,eambersonm9@microsoft.com
803,Ronna,Greeve,rgreevema@slideshare.net
804,Melisande,Paler,mpalermb@bbb.org
805,Zorah,Luter,zlutermc@state.gov
806,Daniele,Polini,dpolinimd@creativecommons.org
807,Bard,Swaile,bswaileme@github.com
808,Rafaellle,Cordle,rcordlemf@upenn.edu
809,Zarah,Izaks,zizaksmg@oracle.com
810,Gwyneth,Jeanet,gjeanetmh@ibm.com
811,Lacie,Onslow,lonslowmi@ycombinator.com
812,Hamid,Gather,hgathermj@nature.com
813,Hanni,Colliss,hcollissmk@archive.org
814,Bernete,Worsham,bworshamml@nymag.com
815,Carlina,Tatham,ctathammm@utexas.edu
816,Graehme,Nunnerley,gnunnerleymn@intel.com
817,Drugi,Forryan,dforryanmo@joomla.org
818,Gigi,Mantrup,gmantrupmp@diigo.com
819,Venita,Weatherhill,vweatherhillmq@adobe.com
820,Kaleena,Firebrace,kfirebracemr@engadget.com
821,Karia,Arnason,karnasonms@linkedin.com
822,Gordie,Iacovielli,giacoviellimt@dmoz.org
823,Amelina,Castellini,acastellinimu@archive.org
824,Henriette,Reijmers,hreijmersmv@acquirethisname.com
825,Nikolaos,Kaminski,nkaminskimw@si.edu
826,Margot,Johansson,mjohanssonmx@reverbnation.com
827,Kristoforo,Alabone,kalabonemy@google.ru
828,Kenn,Overill,koverillmz@free.fr
829,Anatollo,Letterese,aletteresen0@state.tx.us
830,Carlotta,Sporgeon,csporgeonn1@squarespace.com
831,Darsie,Blancowe,dblancowen2@usgs.gov
832,Steffen,MacLleese,smaclleesen3@e-recht24.de
833,Ardisj,Hain,ahainn4@wsj.com
834,Ashlin,Bearne,abearnen5@businessweek.com
835,Immanuel,Rawstron,irawstronn6@ucsd.edu
836,Marten,Cowoppe,mcowoppen7@spotify.com
837,Jody,Thomtson,jthomtsonn8@woothemes.com
838,Galina,Dillaway,gdillawayn9@sbwire.com
839,Shannen,Mellings,smellingsna@printfriendly.com
840,Roze,Camis,rcamisnb@imgur.com
841,Arturo,Stopper,astoppernc@sciencedirect.com
842,Tedmund,Elphee,telpheend@163.com
843,Denice,Wyndham,dwyndhamne@kickstarter.com
844,Benetta,Tommasi,btommasinf@acquirethisname.com
845,Adriano,Groveham,agrovehamng@cnet.com
846,Elana,Debling,edeblingnh@stumbleupon.com
847,Hester,Walton,hwaltonni@vinaora.com
848,Danyelle,Chaddock,dchaddocknj@washington.edu
849,Kym,Shuker,kshukernk@europa.eu
850,Winnah,Jirasek,wjiraseknl@php.net
851,Heda,Demead,hdemeadnm@stumbleupon.com
852,Gus,Ziemecki,gziemeckinn@i2i.jp
853,Alvinia,Witcher,awitcherno@seattletimes.com
854,Winston,Iannuzzi,wiannuzzinp@uol.com.br
855,Lenna,Woolbrook,lwoolbrooknq@nifty.com
856,Philippa,Humber,phumbernr@webs.com
857,Celle,Golsby,cgolsbyns@deliciousdays.com
858,Joletta,Tosh,jtoshnt@symantec.com
859,Marji,Izen,mizennu@delicious.com
860,Jammal,Learoyd,jlearoydnv@shinystat.com
861,Casie,Knyvett,cknyvettnw@virginia.edu
862,Jamima,Calbaithe,jcalbaithenx@blogs.com
863,Shay,Ranklin,sranklinny@amazonaws.com
864,Oren,Creaney,ocreaneynz@elegantthemes.com
865,Obadias,Florez,oflorezo0@cargocollective.com
866,Cookie,Chaplin,cchaplino1@meetup.com
867,Clotilda,Obispo,cobispoo2@php.net
868,Ian,Mcall,imcallo3@hud.gov
869,Christan,Winckworth,cwinckwortho4@tuttocitta.it
870,Estell,Dundridge,edundridgeo5@icio.us
871,Fair,Brolan,fbrolano6@gravatar.com
872,Carolyne,Reitenbach,creitenbacho7@yellowbook.com
873,Ephrayim,Petersen,epeterseno8@gravatar.com
874,Bax,Rosbottom,brosbottomo9@de.vu
875,Candi,Bulstrode,cbulstrodeoa@ed.gov
876,Giles,Orth,gorthob@tinypic.com
877,Jenifer,Lowin,jlowinoc@dyndns.org
878,Lucia,Gethyn,lgethynod@netvibes.com
879,Jan,Morison,jmorisonoe@irs.gov
880,Valery,Pleace,vpleaceof@rakuten.co.jp
881,Grannie,Nabarro,gnabarroog@usa.gov
882,Jenifer,Francecione,jfrancecioneoh@mit.edu
883,Gilly,Heersma,gheersmaoi@reddit.com
884,Kippy,Jelkes,kjelkesoj@phpbb.com
885,Shurlocke,Hussy,shussyok@ucsd.edu
886,Allissa,Iskowicz,aiskowiczol@bizjournals.com
887,Ray,Dobbings,rdobbingsom@ifeng.com
888,Joly,Coldman,jcoldmanon@techcrunch.com
889,Crystal,Mackett,cmackettoo@boston.com
890,Desiri,Trebilcock,dtrebilcockop@fema.gov
891,Clio,Ferron,cferronoq@nyu.edu
892,Pall,Albin,palbinor@etsy.com
893,Sunny,Franzel,sfranzelos@bizjournals.com
894,Levey,Bassford,lbassfordot@mit.edu
895,Fannie,Grane,fgraneou@netlog.com
896,Alika,Georg,ageorgov@sciencedaily.com
897,Hunt,Stanbra,hstanbraow@earthlink.net
898,Edyth,Ruzicka,eruzickaox@sohu.com
899,Betta,Bridgman,bbridgmanoy@patch.com
900,Samuel,Spileman,sspilemanoz@theglobeandmail.com
901,Pincus,Cove,pcovep0@nationalgeographic.com
902,Harriot,Qualtrough,hqualtroughp1@ucsd.edu
903,Eziechiele,Rodway,erodwayp2@accuweather.com
904,Karney,Charnock,kcharnockp3@nsw.gov.au
905,Melisandra,Woolner,mwoolnerp4@umich.edu
906,Ezechiel,Woodage,ewoodagep5@wiley.com
907,Mora,Klicher,mklicherp6@alexa.com
908,Alonso,Jobin,ajobinp7@salon.com
909,Blanca,Cornely,bcornelyp8@networksolutions.com
910,Truda,Cruise,tcruisep9@freewebs.com
911,Lynnet,Meader,lmeaderpa@paginegialle.it
912,Cecilia,Samwyse,csamwysepb@tripadvisor.com
913,Christian,Brogi,cbrogipc@nasa.gov
914,Roosevelt,Muneely,rmuneelypd@ebay.com
915,Carolan,Striker,cstrikerpe@senate.gov
916,Ursa,D'orsay,udorsaypf@ihg.com
917,Irving,Lever,ileverpg@scientificamerican.com
918,Beryl,Laurie,blaurieph@taobao.com
919,Jobye,Tesche,jteschepi@so-net.ne.jp
920,Gawain,Backs,gbackspj@google.ru
921,Linette,Boeter,lboeterpk@admin.ch
922,Emelda,Dunwoody,edunwoodypl@naver.com
923,Tito,Scarre,tscarrepm@pinterest.com
924,Tymothy,Nussgen,tnussgenpn@cnbc.com
925,Miran,Boydon,mboydonpo@163.com
926,Chaim,Longina,clonginapp@mapquest.com
927,Merralee,Blything,mblythingpq@clickbank.net
928,Krissy,Vowdon,kvowdonpr@epa.gov
929,Nicholle,Dukelow,ndukelowps@netvibes.com
930,Jessy,Abramowitch,jabramowitchpt@netlog.com
931,Tallie,Pretty,tprettypu@chronoengine.com
932,Grazia,Whetton,gwhettonpv@google.com
933,Joelynn,Vanyatin,jvanyatinpw@yahoo.co.jp
934,Debor,Fritz,dfritzpx@mysql.com
935,Tony,Voisey,tvoiseypy@lycos.com
936,Andrej,Abelson,aabelsonpz@epa.gov
937,Luelle,Lenoir,llenoirq0@cbslocal.com
938,Helli,Dooman,hdoomanq1@google.com.hk
939,Sigismond,Rust,srustq2@webeden.co.uk
940,Dorry,Klaff,dklaffq3@topsy.com
941,Reg,Stanney,rstanneyq4@bloomberg.com
942,Shellysheldon,Jayume,sjayumeq5@time.com
943,Sarina,Darracott,sdarracottq6@cloudflare.com
944,Jorge,O'Hare,johareq7@vimeo.com
945,Diann,Gittings,dgittingsq8@discovery.com
946,Siffre,Frame,sframeq9@samsung.com
947,Merill,Tilley,mtilleyqa@rambler.ru
948,Corny,McKyrrelly,cmckyrrellyqb@patch.com
949,Terri,Poluzzi,tpoluzziqc@dot.gov
950,Mariellen,Rubel,mrubelqd@google.co.jp
951,Erin,Dabell,edabellqe@spiegel.de
952,Mattheus,Guion,mguionqf@si.edu
953,Cullan,Dancey,cdanceyqg@tamu.edu
954,Hughie,Cornelis,hcornelisqh@exblog.jp
955,Rhys,Cogdell,rcogdellqi@edublogs.org
956,Alva,Ivatts,aivattsqj@kickstarter.com
957,Tera,Lodovichi,tlodovichiqk@nydailynews.com
958,Miles,Lembke,mlembkeql@hibu.com
959,Illa,Milne,imilneqm@businessweek.com
960,Janel,Moff,jmoffqn@youtube.com
961,Francoise,Crips,fcripsqo@theguardian.com
962,Alexio,Marrett,amarrettqp@marriott.com
963,Raimund,Kender,rkenderqq@dion.ne.jp
964,Phylis,Durkin,pdurkinqr@networkadvertising.org
965,Roley,Rakestraw,rrakestrawqs@ow.ly
966,Prudence,Lamort,plamortqt@dailymotion.com
967,Gerrilee,Spafford,gspaffordqu@jigsy.com
968,Gib,Campbell-Dunlop,gcampbelldunlopqv@spotify.com
969,Rosanna,Hearthfield,rhearthfieldqw@toplist.cz
970,Titus,Ivchenko,tivchenkoqx@rediff.com
971,Bale,Robjohns,brobjohnsqy@behance.net
972,Noe,Verna,nvernaqz@clickbank.net
973,Delmar,Gong,dgongr0@unc.edu
974,Mendie,Josselson,mjosselsonr1@furl.net
975,Brian,Gregolotti,bgregolottir2@pinterest.com
976,Christi,Craigie,ccraigier3@miibeian.gov.cn
977,Lawton,Cabrales,lcabralesr4@hc360.com
978,Shelby,Woodvine,swoodviner5@nih.gov
979,Brigham,Kingston,bkingstonr6@wordpress.org
980,Bria,Barneveld,bbarneveldr7@spotify.com
981,Diane,Butteris,dbutterisr8@washingtonpost.com
982,Carina,Brandolini,cbrandolinir9@cdbaby.com
983,Ancell,Doughton,adoughtonra@theglobeandmail.com
984,Germaine,Hansford,ghansfordrb@issuu.com
985,Arne,Cowing,acowingrc@cbc.ca
986,Claiborne,McCaffery,cmccafferyrd@ifeng.com
987,Dore,Beesey,dbeeseyre@clickbank.net
988,Broderic,Sainthill,bsainthillrf@comsenz.com
989,Justin,Simecek,jsimecekrg@unblog.fr
990,Muriel,Lambarth,mlambarthrh@tripod.com
991,Germaine,Leonarde,gleonarderi@ow.ly
992,Marlene,Kinkaid,mkinkaidrj@exblog.jp
993,Liuka,Libermore,llibermorerk@sina.com.cn
994,Shae,Drysdell,sdrysdellrl@washington.edu
995,Corliss,Yellowley,cyellowleyrm@t.co
996,Camella,Yitzowitz,cyitzowitzrn@microsoft.com
997,Esta,Scotchmore,escotchmorero@usgs.gov
998,Roxy,Leverson,rleversonrp@mashable.com
999,Darius,Wardroper,dwardroperrq@jugem.jp
1000,Hyman,Larcier,hlarcierrr@macromedia.com
