id,cow,last_name,email,gender,ip_address
1,Kai,Surmon,ksurmon0@etsy.com,Genderqueer,66.69.117.49
2,Austen,Pavlishchev,apavlishchev1@shutterfly.com,Non-binary,39.36.120.219
3,Esme,McGinley,emcginley2@odnoklassniki.ru,Male,238.6.5.16
4,Gannon,Moulin,gmoulin3@prlog.org,Female,215.168.86.55
5,Nanine,Knights,nknights4@twitpic.com,Bigender,47.157.101.25
6,Marie-jeanne,Yankishin,myankishin5@shop-pro.jp,Polygender,138.231.31.154
7,Jerad,Ruffli,jruffli6@list-manage.com,Non-binary,138.248.177.140
8,Cole,Deneve,cdeneve7@stanford.edu,Bigender,87.61.63.177
9,Cyrille,Whitwam,cwhitwam8@baidu.com,Agender,35.173.151.173
10,Bibbye,Finessy,bfinessy9@opera.com,Non-binary,255.104.1.171
11,Ulrikaumeko,Kinton,ukintona@sohu.com,Non-binary,168.128.94.3
12,Duky,Prendeguest,dprendeguestb@linkedin.com,Genderfluid,170.68.179.46
13,Colman,Belding,cbeldingc@google.de,Non-binary,91.198.35.49
14,Alma,Deaves,adeavesd@noaa.gov,Genderqueer,115.93.195.177
15,Clotilda,Blatcher,cblatchere@taobao.com,Non-binary,109.67.171.74
16,Gradey,Dutteridge,gdutteridgef@freewebs.com,Polygender,143.71.156.124
17,Olympia,Wabey,owabeyg@umn.edu,Genderqueer,238.241.90.191
18,Llewellyn,Gersam,lgersamh@ed.gov,Female,83.191.190.4
19,Kerry,Threadgold,kthreadgoldi@umn.edu,Non-binary,97.202.237.249
20,Wileen,Segge,wseggej@simplemachines.org,Agender,54.221.92.130
21,Adore,Bumpass,abumpassk@cnbc.com,Agender,51.82.247.188
22,Orella,Wind,owindl@multiply.com,Female,48.60.14.13
23,Frank,Beak,fbeakm@dailymotion.com,Polygender,137.150.211.73
24,Pren,Castellani,pcastellanin@printfriendly.com,Genderfluid,156.83.100.16
25,Zedekiah,Bertram,zbertramo@xinhuanet.com,Genderqueer,232.194.47.233
26,Roderick,Hughesdon,rhughesdonp@hexun.com,Genderqueer,225.247.0.104
27,Nickolaus,Brookes,nbrookesq@ca.gov,Polygender,240.149.114.71
28,Colby,Fedynski,cfedynskir@cargocollective.com,Genderqueer,217.157.47.190
29,Mildred,Henfre,mhenfres@clickbank.net,Bigender,4.49.123.242
30,Loleta,Lathaye,llathayet@t-online.de,Female,166.214.66.207
31,Devin,Way,dwayu@digg.com,Genderqueer,76.153.208.81
32,Cheri,Flemming,cflemmingv@alibaba.com,Male,216.146.57.159
33,Georgie,Ricson,gricsonw@skype.com,Polygender,155.227.193.245
34,Desmund,Conaghy,dconaghyx@yelp.com,Male,196.132.94.188
35,Abran,Lancashire,alancashirey@theguardian.com,Bigender,19.33.91.221
36,Ermin,Hathorn,ehathornz@wsj.com,Genderqueer,237.213.16.32
37,Bary,Beaulieu,bbeaulieu10@photobucket.com,Non-binary,191.13.127.19
38,Berkley,Sara,bsara11@elpais.com,Non-binary,218.156.193.233
39,Keary,Robuchon,krobuchon12@ibm.com,Non-binary,131.83.101.110
40,Griselda,Quenby,gquenby13@hibu.com,Agender,247.83.46.112
41,Milton,Trevna,mtrevna14@etsy.com,Polygender,20.57.52.187
42,Boothe,Oddey,boddey15@symantec.com,Non-binary,204.131.221.163
43,Maddy,Tuffield,mtuffield16@zdnet.com,Non-binary,212.213.249.156
44,Esmaria,Stennett,estennett17@infoseek.co.jp,Polygender,239.234.57.174
45,Franklin,MacRitchie,fmacritchie18@chicagotribune.com,Agender,202.220.188.177
46,Cristine,Rawnsley,crawnsley19@house.gov,Genderqueer,233.221.98.42
47,Almeda,Woodyer,awoodyer1a@about.me,Female,255.29.104.107
48,Ilyse,Nys,inys1b@boston.com,Male,134.131.177.146
49,Hurley,Josefsson,hjosefsson1c@paypal.com,Genderfluid,223.22.148.52
50,Andee,Murrison,amurrison1d@canalblog.com,Female,212.243.212.196
51,Amelina,Gain,again1e@sciencedirect.com,Genderfluid,219.75.55.100
52,Carmelina,Tompkinson,ctompkinson1f@joomla.org,Male,101.202.120.186
53,Rosabel,Bardwall,rbardwall1g@samsung.com,Male,115.255.101.82
54,Anny,Mansel,amansel1h@simplemachines.org,Male,211.235.217.48
55,Lily,Berthelmot,lberthelmot1i@joomla.org,Genderfluid,224.44.108.214
56,Dexter,Hacun,dhacun1j@pen.io,Genderfluid,124.12.96.110
57,Bonnie,Penni,bpenni1k@google.de,Female,32.20.84.114
58,Bethany,Camilleri,bcamilleri1l@dion.ne.jp,Genderfluid,181.198.220.104
59,Brittni,Realph,brealph1m@constantcontact.com,Female,169.41.98.213
60,Isak,McTeer,imcteer1n@globo.com,Polygender,29.183.106.197
61,Risa,Oldmeadow,roldmeadow1o@google.es,Agender,39.91.48.155
62,Dawn,De Cleyne,ddecleyne1p@yelp.com,Female,255.91.120.247
63,Gilbert,Bromidge,gbromidge1q@google.de,Genderqueer,133.15.234.105
64,Phil,Thomasset,pthomasset1r@opera.com,Bigender,246.114.202.145
65,Ange,Alders,aalders1s@nbcnews.com,Polygender,75.38.254.86
66,Yorke,Schimaschke,yschimaschke1t@slate.com,Genderqueer,146.228.158.130
67,Felike,Winsom,fwinsom1u@dot.gov,Agender,188.201.79.46
68,Greg,Davies,gdavies1v@domainmarket.com,Male,51.215.141.185
69,Irv,Burgott,iburgott1w@google.fr,Female,87.126.159.191
70,Isadore,Dicte,idicte1x@opensource.org,Genderqueer,233.32.200.198
71,Selig,Faulks,sfaulks1y@google.com.au,Genderqueer,109.254.56.135
72,Ebonee,Oubridge,eoubridge1z@blog.com,Male,155.25.43.15
73,Rriocard,Eagger,reagger20@merriam-webster.com,Bigender,41.201.171.99
74,Emlen,Bezants,ebezants21@fastcompany.com,Polygender,106.73.53.160
75,Gustie,Kasper,gkasper22@ow.ly,Genderfluid,255.172.92.176
76,Helen,Bennett,hbennett23@4shared.com,Male,181.27.119.253
77,Karyl,O'Hoey,kohoey24@rambler.ru,Bigender,180.206.42.131
78,Charles,Vollam,cvollam25@upenn.edu,Non-binary,166.144.127.188
79,Noami,Ianitti,nianitti26@sina.com.cn,Bigender,224.185.121.222
80,Krysta,Cowl,kcowl27@soundcloud.com,Polygender,250.159.110.116
81,Albertine,Pheasey,apheasey28@slate.com,Genderqueer,168.210.20.47
82,Barrie,Berryman,bberryman29@reuters.com,Polygender,37.192.130.156
83,Calvin,Doey,cdoey2a@nasa.gov,Genderqueer,187.222.49.107
84,Inness,Fiske,ifiske2b@biglobe.ne.jp,Genderfluid,180.20.66.29
85,Aristotle,Snarie,asnarie2c@t.co,Male,71.238.216.50
86,Shina,Wagg,swagg2d@bing.com,Bigender,228.212.214.167
87,Hedwig,Bilbery,hbilbery2e@eventbrite.com,Bigender,102.152.128.168
88,Muhammad,Pickett,mpickett2f@ocn.ne.jp,Female,32.195.33.207
89,Wendall,Degoix,wdegoix2g@ezinearticles.com,Agender,152.92.195.44
90,Jonis,McDonald,jmcdonald2h@mtv.com,Male,155.154.203.15
91,Alvina,Ajsik,aajsik2i@jiathis.com,Non-binary,198.163.26.22
92,Clemence,Snowling,csnowling2j@nps.gov,Genderqueer,219.65.185.236
93,Bridgette,Merrien,bmerrien2k@ox.ac.uk,Non-binary,112.144.228.68
94,Cher,Reavey,creavey2l@msu.edu,Agender,83.173.4.11
95,Torrie,Pearde,tpearde2m@wired.com,Bigender,188.146.90.252
96,Hailey,Walbrun,hwalbrun2n@meetup.com,Genderqueer,169.199.33.227
97,Bridie,Dreakin,bdreakin2o@upenn.edu,Genderqueer,201.161.71.169
98,Julian,Rothon,jrothon2p@patch.com,Polygender,168.139.189.174
99,Sonni,Dearsley,sdearsley2q@ucoz.com,Non-binary,87.3.162.170
100,Lissi,Andretti,landretti2r@psu.edu,Female,122.142.140.113
101,Alayne,Soans,asoans2s@examiner.com,Bigender,170.2.212.222
102,Carlen,Cardno,ccardno2t@washingtonpost.com,Genderfluid,128.220.99.222
103,Dagny,France,dfrance2u@state.gov,Genderfluid,17.50.146.104
104,Clay,Sowood,csowood2v@dion.ne.jp,Female,130.108.176.36
105,Teri,Canacott,tcanacott2w@usnews.com,Bigender,33.82.119.253
106,Coletta,Aymeric,caymeric2x@networksolutions.com,Agender,219.26.84.27
107,Vidovik,Peddel,vpeddel2y@surveymonkey.com,Non-binary,69.49.198.205
108,Garrick,Epton,gepton2z@tripadvisor.com,Bigender,223.176.206.60
109,Otis,Dodge,ododge30@boston.com,Non-binary,176.131.85.65
110,Olivier,Temby,otemby31@google.co.uk,Polygender,100.228.208.209
111,Winny,Sappson,wsappson32@engadget.com,Female,194.58.70.195
112,Fletcher,Denizet,fdenizet33@google.com,Non-binary,223.233.123.121
113,Carmella,Breckon,cbreckon34@wikipedia.org,Polygender,71.70.127.168
114,Bendix,Gendrich,bgendrich35@plala.or.jp,Polygender,168.125.32.64
115,Layton,Fairbairn,lfairbairn36@yelp.com,Polygender,232.107.146.181
116,Lyle,Hurdis,lhurdis37@cornell.edu,Genderfluid,213.22.56.112
117,Anita,Billyeald,abillyeald38@woothemes.com,Genderfluid,226.171.117.85
118,Clerc,Adicot,cadicot39@house.gov,Bigender,198.73.48.236
119,Minette,Aleveque,maleveque3a@wikispaces.com,Genderqueer,41.13.129.81
120,Pierce,Taysbil,ptaysbil3b@google.com,Male,57.209.152.250
121,Jeffie,Elbourne,jelbourne3c@answers.com,Genderqueer,104.152.116.1
122,Portie,Cheesworth,pcheesworth3d@google.it,Genderqueer,111.111.43.196
123,Tybalt,Christon,tchriston3e@constantcontact.com,Non-binary,236.156.218.185
124,Klarika,Kreutzer,kkreutzer3f@live.com,Non-binary,197.18.217.150
125,Byron,Fist,bfist3g@feedburner.com,Polygender,87.68.98.132
126,Albertine,Brisset,abrisset3h@independent.co.uk,Genderqueer,175.234.162.133
127,Gwyneth,Bockh,gbockh3i@etsy.com,Non-binary,153.76.219.205
128,Becca,Fairrie,bfairrie3j@geocities.jp,Genderqueer,48.147.211.162
129,Avram,Ghion,aghion3k@ox.ac.uk,Female,247.36.247.91
130,Hube,Scathard,hscathard3l@china.com.cn,Genderfluid,233.211.105.114
131,Ryann,Urlin,rurlin3m@nbcnews.com,Female,117.230.86.168
132,La verne,Justun,ljustun3n@cafepress.com,Female,189.222.118.132
133,Bruno,Cornuau,bcornuau3o@mozilla.com,Female,41.184.253.27
134,Loni,Rosenthal,lrosenthal3p@wordpress.com,Female,74.39.218.218
135,Wolfie,Hamshere,whamshere3q@nature.com,Genderqueer,200.29.226.101
136,Eolanda,Micah,emicah3r@vk.com,Male,162.40.100.26
137,Mathe,Cargenven,mcargenven3s@foxnews.com,Bigender,234.100.217.152
138,Zarah,Kordas,zkordas3t@latimes.com,Polygender,233.89.23.181
139,Tiebout,Ensor,tensor3u@simplemachines.org,Non-binary,96.196.11.114
140,Lotte,Kacheler,lkacheler3v@rediff.com,Agender,244.98.12.111
141,Pietro,Tredinnick,ptredinnick3w@oracle.com,Male,42.113.36.162
142,Heather,Laguerre,hlaguerre3x@wikia.com,Female,160.191.156.99
143,Filide,Hush,fhush3y@newsvine.com,Genderqueer,100.197.197.9
144,Gleda,Gerardot,ggerardot3z@taobao.com,Genderfluid,28.242.59.192
145,Garvin,Yearne,gyearne40@dion.ne.jp,Genderqueer,227.23.220.221
146,Karleen,Sundin,ksundin41@ucla.edu,Genderqueer,231.138.179.36
147,Giles,Skirrow,gskirrow42@mac.com,Polygender,73.70.143.2
148,Sarena,Gosneye,sgosneye43@cpanel.net,Genderfluid,144.48.108.150
149,Lena,Pescott,lpescott44@cafepress.com,Agender,252.71.150.103
150,Lissa,Canon,lcanon45@deviantart.com,Polygender,153.12.246.37
151,Chaddie,Unitt,cunitt46@hp.com,Genderfluid,65.176.229.132
152,Fin,Cowden,fcowden47@ameblo.jp,Female,104.157.64.129
153,Odessa,Gianettini,ogianettini48@typepad.com,Female,171.224.120.18
154,Jozef,Gipson,jgipson49@washingtonpost.com,Male,97.105.153.0
155,Jerrilee,Haggerston,jhaggerston4a@psu.edu,Genderfluid,119.180.57.27
156,Gilberta,Liebermann,gliebermann4b@seesaa.net,Non-binary,253.48.41.8
157,Stan,Henrique,shenrique4c@flickr.com,Genderfluid,220.131.2.57
158,Johannes,Ambrogiotti,jambrogiotti4d@cbc.ca,Polygender,244.199.224.96
159,Linell,Dorrins,ldorrins4e@gizmodo.com,Male,95.67.166.28
160,Imogen,Pusill,ipusill4f@cdbaby.com,Male,69.143.209.131
161,Sullivan,Geekin,sgeekin4g@amazon.com,Genderfluid,102.32.31.133
162,Corella,Wrates,cwrates4h@google.es,Non-binary,246.138.171.13
163,Angelica,Hardesty,ahardesty4i@sohu.com,Bigender,211.42.157.46
164,Tabbatha,Authers,tauthers4j@cbslocal.com,Bigender,229.236.92.108
165,Katya,Vynehall,kvynehall4k@mail.ru,Agender,185.9.183.25
166,Brion,Tate,btate4l@ask.com,Genderqueer,112.206.225.79
167,Carney,Gabbot,cgabbot4m@jigsy.com,Male,218.109.227.35
168,Edgar,Shotboult,eshotboult4n@artisteer.com,Non-binary,154.12.9.36
169,Fan,Elderton,felderton4o@blogtalkradio.com,Male,80.96.35.175
170,Orelie,Spofforth,ospofforth4p@joomla.org,Bigender,13.214.0.214
171,Eleanore,Rodgerson,erodgerson4q@github.com,Genderfluid,61.130.159.86
172,Umeko,Abrahamsen,uabrahamsen4r@last.fm,Non-binary,244.250.159.244
173,Orelie,Kinghorn,okinghorn4s@1und1.de,Genderfluid,148.56.79.38
174,Lynelle,Hayball,lhayball4t@fema.gov,Bigender,146.81.41.29
175,Lebbie,Grix,lgrix4u@nhs.uk,Genderqueer,43.216.151.45
176,Lloyd,Dunsmore,ldunsmore4v@issuu.com,Male,247.16.228.126
177,Gayla,MacConchie,gmacconchie4w@prnewswire.com,Agender,142.20.161.207
178,Zitella,Morrott,zmorrott4x@hexun.com,Male,152.81.230.174
179,Adria,Leban,aleban4y@printfriendly.com,Male,162.219.117.69
180,Gennie,Wigley,gwigley4z@indiatimes.com,Bigender,207.48.218.151
181,Kiley,Regorz,kregorz50@goodreads.com,Genderqueer,59.132.118.93
182,Romona,Swaile,rswaile51@weibo.com,Non-binary,40.127.166.59
183,Evonne,Zincke,ezincke52@wikipedia.org,Non-binary,133.89.219.228
184,Enrika,Dallow,edallow53@freewebs.com,Genderfluid,18.21.160.140
185,Farah,Katte,fkatte54@walmart.com,Male,105.13.178.75
186,Torr,Nethercott,tnethercott55@mapquest.com,Polygender,224.194.99.137
187,Rosella,Crozier,rcrozier56@china.com.cn,Female,200.226.18.49
188,Kristien,Blore,kblore57@squidoo.com,Genderfluid,136.210.157.78
189,Keely,Rulton,krulton58@homestead.com,Non-binary,55.192.137.118
190,Fanchette,Haime,fhaime59@pen.io,Genderfluid,228.229.254.152
191,Jaime,Clemmens,jclemmens5a@t-online.de,Agender,87.156.191.93
192,Parnell,Scholler,pscholler5b@liveinternet.ru,Non-binary,15.62.49.29
193,Angelo,Woodwin,awoodwin5c@123-reg.co.uk,Bigender,61.170.134.89
194,Arly,Rimour,arimour5d@blog.com,Genderfluid,99.243.250.165
195,Agatha,Wilmore,awilmore5e@privacy.gov.au,Non-binary,47.132.123.113
196,Veradis,Bellew,vbellew5f@tiny.cc,Genderqueer,201.55.18.97
197,Wakefield,Mensler,wmensler5g@jigsy.com,Genderfluid,37.1.109.241
198,Ronica,Benardet,rbenardet5h@t-online.de,Non-binary,227.43.86.178
199,Bond,Guerreiro,bguerreiro5i@quantcast.com,Female,91.181.122.137
200,Aleece,Kelemen,akelemen5j@army.mil,Non-binary,151.67.16.104
201,Vlad,Garratty,vgarratty5k@fda.gov,Bigender,167.44.0.53
202,Ida,Studde,istudde5l@photobucket.com,Bigender,24.50.18.226
203,Annabela,Fausset,afausset5m@hhs.gov,Genderfluid,140.85.25.143
204,Agnes,Gourlie,agourlie5n@samsung.com,Female,45.146.228.21
205,Thadeus,Lefeuvre,tlefeuvre5o@abc.net.au,Male,162.185.206.147
206,Thomasa,Giercke,tgiercke5p@ftc.gov,Agender,114.86.20.161
207,Roxanna,Lupton,rlupton5q@squarespace.com,Polygender,149.202.202.151
208,Benny,O' Scallan,boscallan5r@newsvine.com,Agender,100.215.184.190
209,Olympia,Mulcaster,omulcaster5s@google.com.au,Female,28.177.56.166
210,Shane,Tafani,stafani5t@cafepress.com,Agender,84.13.135.20
211,Harland,Canadas,hcanadas5u@usda.gov,Polygender,29.197.81.218
212,Augustina,Chateau,achateau5v@cbslocal.com,Genderfluid,79.92.148.230
213,Sydel,Gilfoy,sgilfoy5w@elegantthemes.com,Male,8.169.255.110
214,Nikoletta,McElree,nmcelree5x@eventbrite.com,Non-binary,102.116.100.218
215,Briggs,Ingledew,bingledew5y@icq.com,Male,25.201.92.47
216,Merlina,Heck,mheck5z@europa.eu,Female,145.89.207.20
217,Mathilda,Reith,mreith60@over-blog.com,Genderfluid,47.6.154.210
218,Gilles,Blezard,gblezard61@sbwire.com,Polygender,127.76.198.222
219,Bette-ann,De Blasio,bdeblasio62@uol.com.br,Male,216.210.80.165
220,Roderic,Winsborrow,rwinsborrow63@unicef.org,Female,55.158.48.25
221,Padraic,Urry,purry64@sogou.com,Genderqueer,46.46.231.41
222,Bing,Gillani,bgillani65@nih.gov,Genderfluid,93.174.180.76
223,Bonita,Jeandel,bjeandel66@archive.org,Genderfluid,217.122.185.223
224,Dewey,Giller,dgiller67@toplist.cz,Bigender,145.45.60.198
225,Jodie,Labarre,jlabarre68@unicef.org,Agender,48.100.69.184
226,Jacob,Januszewicz,jjanuszewicz69@yellowbook.com,Female,6.24.220.227
227,Jarrett,Ranald,jranald6a@indiegogo.com,Bigender,0.255.150.220
228,Codi,Chestnutt,cchestnutt6b@dell.com,Non-binary,225.218.53.54
229,Kassey,Stanyland,kstanyland6c@google.es,Bigender,4.10.136.155
230,Etta,Langhorne,elanghorne6d@go.com,Genderfluid,48.134.211.52
231,Ilsa,Gimson,igimson6e@imdb.com,Genderqueer,182.168.207.146
232,Ermanno,Sharrard,esharrard6f@google.pl,Bigender,217.228.220.186
233,Gabriellia,Eadmead,geadmead6g@youtu.be,Genderfluid,0.198.147.3
234,Sheri,Hannaway,shannaway6h@wordpress.org,Agender,176.34.159.133
235,Em,Extal,eextal6i@mapy.cz,Female,196.147.252.195
236,Kaitlyn,O'Duane,koduane6j@fda.gov,Male,128.150.67.22
237,Nilson,Brighty,nbrighty6k@cocolog-nifty.com,Bigender,233.72.90.185
238,Jackie,Currey,jcurrey6l@sohu.com,Polygender,152.224.51.72
239,Niven,Lomen,nlomen6m@quantcast.com,Female,82.20.183.147
240,Coleman,Penwright,cpenwright6n@xinhuanet.com,Non-binary,47.221.130.153
241,Esdras,Pitkethly,epitkethly6o@google.ru,Bigender,246.229.73.225
242,Dinny,Budge,dbudge6p@dell.com,Female,189.21.170.54
243,Edwina,Lazonby,elazonby6q@homestead.com,Genderqueer,115.110.197.37
244,Glenine,Trighton,gtrighton6r@prweb.com,Non-binary,43.230.219.83
245,Theressa,Tweede,ttweede6s@scientificamerican.com,Bigender,53.5.35.12
246,Genia,Pudge,gpudge6t@t.co,Bigender,16.242.210.56
247,Marnie,Monelle,mmonelle6u@google.nl,Male,163.184.1.224
248,Valerye,See,vsee6v@paypal.com,Genderqueer,40.254.161.116
249,Dacy,Acors,dacors6w@economist.com,Polygender,2.108.123.93
250,Grier,Prescott,gprescott6x@themeforest.net,Non-binary,119.183.8.128
251,Blancha,Francesch,bfrancesch6y@google.de,Female,0.98.47.209
252,Harriott,Slany,hslany6z@qq.com,Polygender,90.154.185.75
253,Read,Woolfitt,rwoolfitt70@wp.com,Polygender,178.49.223.116
254,Nils,Elsmore,nelsmore71@un.org,Non-binary,240.149.201.58
255,Ellsworth,Rowbotham,erowbotham72@bravesites.com,Genderqueer,32.168.82.58
256,Abbot,Helmke,ahelmke73@pen.io,Genderfluid,58.137.123.18
257,Verile,Gradly,vgradly74@chronoengine.com,Genderqueer,84.73.30.24
258,Lin,Lampl,llampl75@vimeo.com,Female,211.221.39.17
259,Blondell,Pessel,bpessel76@hubpages.com,Female,13.165.41.42
260,Leontyne,Entwhistle,lentwhistle77@facebook.com,Genderqueer,11.218.204.14
261,Olympe,Yitzhok,oyitzhok78@squarespace.com,Genderfluid,63.104.236.132
262,Christiano,Elion,celion79@businessweek.com,Genderqueer,17.45.23.82
263,Rosie,McDuff,rmcduff7a@ftc.gov,Genderqueer,201.226.150.170
264,Fallon,Copson,fcopson7b@dailymail.co.uk,Agender,237.249.133.114
265,Ellie,Zeplin,ezeplin7c@sfgate.com,Agender,117.5.198.155
266,Carmencita,Swires,cswires7d@engadget.com,Non-binary,22.179.230.74
267,Ephraim,Dodsley,edodsley7e@posterous.com,Bigender,140.124.240.122
268,Maynard,Crome,mcrome7f@scientificamerican.com,Polygender,106.230.73.111
269,Griffie,Arnowitz,garnowitz7g@creativecommons.org,Bigender,165.1.218.200
270,Hashim,Brusin,hbrusin7h@mozilla.org,Agender,147.81.248.242
271,Luke,Klemensiewicz,lklemensiewicz7i@uol.com.br,Polygender,166.115.29.232
272,Taddeo,Stirland,tstirland7j@fc2.com,Genderqueer,78.159.102.71
273,Pennie,Keywood,pkeywood7k@samsung.com,Genderfluid,142.247.207.216
274,Minna,Glentz,mglentz7l@bing.com,Genderfluid,206.137.37.32
275,Claudelle,Mayell,cmayell7m@sciencedaily.com,Male,53.151.179.182
276,Jojo,Angrave,jangrave7n@cpanel.net,Genderqueer,18.247.178.225
277,Ruthie,Shimmin,rshimmin7o@globo.com,Genderqueer,244.46.108.103
278,Isaiah,Issac,iissac7p@netscape.com,Bigender,155.135.103.225
279,Dominick,Boggish,dboggish7q@fda.gov,Non-binary,106.213.151.185
280,Klarrisa,Stimson,kstimson7r@skyrock.com,Agender,31.21.117.157
281,Rosie,Richold,rrichold7s@yahoo.com,Genderqueer,29.186.88.34
282,Alexi,Peacocke,apeacocke7t@w3.org,Agender,8.42.20.94
283,Anallese,Molan,amolan7u@nature.com,Genderqueer,244.203.225.241
284,Pauline,Tonkes,ptonkes7v@addtoany.com,Bigender,2.39.81.24
285,Julieta,Scoyne,jscoyne7w@hexun.com,Female,254.97.135.127
286,Hyacintha,Dudley,hdudley7x@nymag.com,Genderfluid,4.211.27.78
287,Elane,Buxcy,ebuxcy7y@economist.com,Agender,49.217.65.235
288,Othilia,Lines,olines7z@studiopress.com,Male,124.145.196.220
289,Lindsey,Launchbury,llaunchbury80@zimbio.com,Non-binary,205.142.17.189
290,Kyle,Goodding,kgoodding81@slate.com,Female,29.98.39.207
291,Catriona,Tethacot,ctethacot82@biglobe.ne.jp,Male,107.36.140.21
292,Nikolai,Hubbucks,nhubbucks83@t.co,Non-binary,207.198.110.238
293,Ermentrude,Aldiss,ealdiss84@yolasite.com,Non-binary,16.180.165.52
294,Ford,Prator,fprator85@skyrock.com,Genderqueer,62.79.37.246
295,Allie,Proudler,aproudler86@liveinternet.ru,Non-binary,74.19.180.141
296,Gard,Bottrill,gbottrill87@aboutads.info,Male,207.32.228.153
297,Cathie,McCabe,cmccabe88@xinhuanet.com,Genderqueer,188.137.60.152
298,Carola,Baxill,cbaxill89@icq.com,Genderqueer,120.195.162.121
299,Tonye,MacKenney,tmackenney8a@theatlantic.com,Female,177.97.158.248
300,Ferrell,Woodger,fwoodger8b@telegraph.co.uk,Male,66.124.99.242
301,Phoebe,Clee,pclee8c@desdev.cn,Polygender,72.11.248.125
302,Elijah,Tampion,etampion8d@edublogs.org,Male,121.91.51.161
303,Gweneth,Bovis,gbovis8e@geocities.com,Agender,229.228.37.158
304,Marinna,Brauns,mbrauns8f@upenn.edu,Male,37.192.36.45
305,Yanaton,Ahrens,yahrens8g@illinois.edu,Male,202.223.132.79
306,Cash,Sopp,csopp8h@typepad.com,Non-binary,244.29.133.9
307,Becki,Cornthwaite,bcornthwaite8i@geocities.jp,Bigender,58.228.242.145
308,Peirce,Maryin,pmaryin8j@deliciousdays.com,Male,223.201.207.213
309,Towney,Fake,tfake8k@java.com,Female,216.57.16.245
310,Janot,McAne,jmcane8l@smh.com.au,Male,77.8.178.55
311,Gerianna,Gossage,ggossage8m@phoca.cz,Female,106.16.182.80
312,Serene,Stollberg,sstollberg8n@google.com,Agender,251.141.185.62
313,Jessa,Goodie,jgoodie8o@ifeng.com,Polygender,135.199.132.45
314,Ringo,Kopje,rkopje8p@phoca.cz,Female,0.76.89.68
315,Harley,Wakeman,hwakeman8q@typepad.com,Genderfluid,1.3.40.109
316,Trix,Franzonetti,tfranzonetti8r@storify.com,Agender,244.250.138.14
317,Berny,Blaszkiewicz,bblaszkiewicz8s@theatlantic.com,Male,2.155.51.15
318,Fanchon,Kaines,fkaines8t@ibm.com,Polygender,166.48.232.215
319,Lucienne,Spittle,lspittle8u@blinklist.com,Female,32.147.127.197
320,Ignacius,Vicary,ivicary8v@rakuten.co.jp,Male,191.30.39.68
321,Stacy,Lundbeck,slundbeck8w@qq.com,Agender,193.131.80.244
322,Corrie,Castelain,ccastelain8x@addthis.com,Agender,80.143.25.136
323,Reamonn,McQuillan,rmcquillan8y@admin.ch,Female,166.149.125.9
324,Israel,Jorge,ijorge8z@cloudflare.com,Genderqueer,185.151.179.246
325,Burg,Gallanders,bgallanders90@bluehost.com,Male,242.16.28.106
326,Gale,Gladstone,ggladstone91@hibu.com,Genderqueer,165.165.69.150
327,Mackenzie,Libbe,mlibbe92@furl.net,Bigender,56.36.100.227
328,Ware,Tompkin,wtompkin93@bluehost.com,Agender,171.101.183.138
329,Cymbre,Roddy,croddy94@list-manage.com,Bigender,227.21.0.24
330,Roana,Wignall,rwignall95@reverbnation.com,Bigender,35.237.163.255
331,Troy,Terrey,tterrey96@newyorker.com,Male,187.216.185.84
332,Carolyn,Lorking,clorking97@cnbc.com,Genderqueer,81.100.157.30
333,Aimil,Wolfindale,awolfindale98@berkeley.edu,Polygender,196.135.146.82
334,Hy,Latehouse,hlatehouse99@sina.com.cn,Genderfluid,41.2.148.55
335,Jordanna,Schulze,jschulze9a@hhs.gov,Male,108.239.52.112
336,Myles,Katzmann,mkatzmann9b@ucoz.com,Genderfluid,163.101.186.100
337,Emanuele,Bradford,ebradford9c@tiny.cc,Genderfluid,238.24.219.223
338,Creight,Brodeau,cbrodeau9d@sun.com,Male,160.156.43.39
339,Jobie,Kas,jkas9e@java.com,Female,95.194.11.186
340,Xylina,Wimmers,xwimmers9f@i2i.jp,Male,33.145.16.7
341,Raymond,Ivett,rivett9g@bizjournals.com,Bigender,144.241.137.40
342,Mirelle,Treagus,mtreagus9h@bloglines.com,Genderfluid,248.133.210.59
343,Mira,Milmith,mmilmith9i@amazonaws.com,Male,31.174.231.65
344,Ema,Streat,estreat9j@over-blog.com,Male,250.0.59.242
345,Willie,Hethron,whethron9k@flickr.com,Non-binary,197.67.149.79
346,Matty,MacCallum,mmaccallum9l@homestead.com,Female,32.11.37.197
347,Dody,Abramchik,dabramchik9m@nature.com,Bigender,177.253.2.27
348,Junina,Attarge,jattarge9n@yandex.ru,Female,123.165.69.70
349,Vassily,Farlowe,vfarlowe9o@springer.com,Non-binary,140.176.156.55
350,Tedda,Reynoollds,treynoollds9p@dedecms.com,Bigender,221.10.91.188
351,Clemens,Rabidge,crabidge9q@xinhuanet.com,Bigender,159.142.40.64
352,Aubree,Kleis,akleis9r@umn.edu,Genderqueer,95.234.19.157
353,Kennan,Glasner,kglasner9s@etsy.com,Female,54.170.205.26
354,Noel,Dullard,ndullard9t@sohu.com,Genderfluid,139.254.120.24
355,Alic,Mattessen,amattessen9u@1688.com,Polygender,71.122.215.202
356,Seka,Phettis,sphettis9v@businessinsider.com,Non-binary,62.190.107.90
357,Jenda,Quant,jquant9w@reddit.com,Male,137.185.43.60
358,Merrile,Dillingstone,mdillingstone9x@guardian.co.uk,Non-binary,61.27.9.168
359,Sharl,Peace,speace9y@bandcamp.com,Female,86.16.232.92
360,Roxy,Spinella,rspinella9z@aol.com,Non-binary,85.3.192.156
361,Gwenore,Ratley,gratleya0@narod.ru,Genderfluid,45.27.1.248
362,Hewet,Wakeman,hwakemana1@msu.edu,Non-binary,201.117.220.194
363,Joli,Caddock,jcaddocka2@paginegialle.it,Agender,124.252.116.194
364,Linell,Cramb,lcramba3@oaic.gov.au,Non-binary,2.172.63.232
365,Vivianna,Drivers,vdriversa4@usnews.com,Female,131.95.145.209
366,Timofei,Munday,tmundaya5@moonfruit.com,Polygender,89.154.11.209
367,Irving,Droghan,idroghana6@tinyurl.com,Agender,49.32.14.64
368,Vasily,O'Donovan,vodonovana7@uiuc.edu,Non-binary,117.57.56.162
369,Gordy,Schops,gschopsa8@digg.com,Male,169.242.179.191
370,Simonne,Deny,sdenya9@adobe.com,Polygender,102.58.242.131
371,Stoddard,Laugharne,slaugharneaa@yahoo.co.jp,Genderqueer,180.132.175.224
372,Harrison,Baldrey,hbaldreyab@tamu.edu,Non-binary,205.208.152.226
373,Derry,Limbrick,dlimbrickac@latimes.com,Female,49.200.43.220
374,Gregoire,Harverson,gharversonad@nih.gov,Non-binary,124.102.219.255
375,Ursola,Shapcott,ushapcottae@ycombinator.com,Genderfluid,32.135.125.104
376,Ola,Vanacci,ovanacciaf@amazonaws.com,Male,79.247.103.91
377,Asia,McEvay,amcevayag@youku.com,Polygender,249.181.195.106
378,Aleta,Zellick,azellickah@ning.com,Bigender,39.99.231.15
379,Beltran,Conner,bconnerai@cdbaby.com,Polygender,160.238.168.36
380,Ingmar,Gerholz,igerholzaj@ocn.ne.jp,Non-binary,71.40.26.233
381,Zed,Krale,zkraleak@vk.com,Agender,23.246.56.78
382,Isabelle,Soppit,isoppital@blogs.com,Female,65.36.127.44
383,Sigfried,Choak,schoakam@wikispaces.com,Polygender,62.189.60.87
384,Garik,Eldershaw,geldershawan@discuz.net,Agender,0.190.248.192
385,Corilla,Winman,cwinmanao@nationalgeographic.com,Female,69.58.104.59
386,Durante,Mellem,dmellemap@phoca.cz,Bigender,32.112.155.198
387,Aldric,Coddington,acoddingtonaq@yahoo.com,Genderqueer,243.243.203.51
388,Rosanna,Brute,rbrutear@paypal.com,Genderqueer,0.142.236.188
389,Elisabet,Beggs,ebeggsas@seesaa.net,Male,59.115.177.177
390,Clemente,Hince,chinceat@jigsy.com,Bigender,213.186.151.210
391,Nicolais,Tinmouth,ntinmouthau@gov.uk,Agender,104.139.179.186
392,Frederic,Tromans,ftromansav@t.co,Polygender,197.67.166.103
393,Hadlee,Gosselin,hgosselinaw@webnode.com,Genderfluid,177.158.189.193
394,Rossy,Faragher,rfaragherax@rakuten.co.jp,Male,86.251.189.171
395,Valene,Marde,vmardeay@google.de,Non-binary,53.129.118.229
396,Lowell,Sirette,lsiretteaz@chron.com,Polygender,231.125.63.232
397,Sib,Gettone,sgettoneb0@reference.com,Non-binary,87.124.210.94
398,Emmett,Worg,eworgb1@comcast.net,Bigender,116.170.21.56
399,Andrej,Helsby,ahelsbyb2@europa.eu,Female,252.157.222.29
400,Stevy,Brunelli,sbrunellib3@psu.edu,Genderqueer,160.184.97.173
401,Cesya,Humphrey,chumphreyb4@scientificamerican.com,Polygender,216.22.220.48
402,Viva,Vaneev,vvaneevb5@vinaora.com,Non-binary,210.94.17.218
403,Rae,Le Floch,rleflochb6@sakura.ne.jp,Male,18.3.182.131
404,Berny,Bathow,bbathowb7@gnu.org,Genderqueer,118.179.231.173
405,Othella,D'Ambrosi,odambrosib8@ow.ly,Agender,252.121.166.140
406,Ebonee,Simnell,esimnellb9@cnn.com,Genderqueer,223.2.167.91
407,Eduino,McClintock,emcclintockba@hao123.com,Genderfluid,0.85.180.174
408,Sally,Linggood,slinggoodbb@china.com.cn,Genderqueer,251.150.223.58
409,Johnath,Davys,jdavysbc@wikipedia.org,Genderfluid,51.162.111.246
410,Vernice,Ridgway,vridgwaybd@etsy.com,Female,146.12.93.202
411,Berton,Byass,bbyassbe@geocities.jp,Polygender,158.98.66.111
412,Danyelle,Bamlett,dbamlettbf@aol.com,Female,52.101.99.36
413,Aindrea,Serrels,aserrelsbg@booking.com,Genderfluid,47.220.220.237
414,Pieter,Bearham,pbearhambh@lulu.com,Genderqueer,247.15.207.75
415,Arvie,Daniaud,adaniaudbi@google.com.au,Genderqueer,158.11.118.9
416,Brandy,Wackett,bwackettbj@unicef.org,Genderqueer,178.41.99.44
417,Harper,Garham,hgarhambk@uiuc.edu,Genderqueer,82.224.132.58
418,Rayshell,Bowhay,rbowhaybl@mashable.com,Polygender,129.74.96.1
419,Eolande,Rump,erumpbm@taobao.com,Male,137.103.166.155
420,Zia,Archer,zarcherbn@nytimes.com,Bigender,243.147.123.241
421,Sayre,McParland,smcparlandbo@sourceforge.net,Male,208.214.40.8
422,Alexandr,Keats,akeatsbp@squarespace.com,Agender,204.9.80.1
423,Arlina,Gosney,agosneybq@timesonline.co.uk,Female,38.90.93.176
424,Izaak,Hatto,ihattobr@google.ca,Female,142.232.252.25
425,Wendall,Camillo,wcamillobs@home.pl,Female,144.56.95.143
426,Darla,Dries,ddriesbt@intel.com,Male,7.1.99.164
427,Pauly,Metzke,pmetzkebu@webs.com,Polygender,207.35.82.142
428,Gayle,Paintain,gpaintainbv@imgur.com,Male,121.171.193.162
429,Franklin,Phear,fphearbw@addthis.com,Agender,145.137.24.51
430,Hedvige,Scurrah,hscurrahbx@theglobeandmail.com,Polygender,76.67.80.223
431,Ephrayim,Simkovich,esimkovichby@buzzfeed.com,Non-binary,131.116.223.235
432,Peggi,Bertram,pbertrambz@vinaora.com,Genderqueer,180.197.140.193
433,Scotti,Tarney,starneyc0@cnbc.com,Female,240.210.248.105
434,Rose,Willcocks,rwillcocksc1@themeforest.net,Male,183.77.244.29
435,Bert,Vlasyuk,bvlasyukc2@youtu.be,Female,107.111.8.96
436,Kaylil,Scotts,kscottsc3@msu.edu,Bigender,252.181.65.123
437,Abbe,Sayers,asayersc4@china.com.cn,Non-binary,252.121.231.23
438,Merrill,Keener,mkeenerc5@google.pl,Polygender,41.139.228.160
439,Jefferson,Stut,jstutc6@ycombinator.com,Genderfluid,16.239.233.126
440,Ricky,Bertram,rbertramc7@github.com,Non-binary,167.189.157.56
441,Ginger,Lensch,glenschc8@themeforest.net,Genderqueer,46.144.211.127
442,Fremont,Shoubridge,fshoubridgec9@jiathis.com,Female,110.40.189.56
443,Wolfie,Hadgraft,whadgraftca@netscape.com,Genderfluid,180.16.63.155
444,Roscoe,Atkins,ratkinscb@bigcartel.com,Non-binary,91.116.181.57
445,Nerte,Cammidge,ncammidgecc@slate.com,Genderfluid,141.34.79.181
446,Anna-diane,Laybourne,alaybournecd@taobao.com,Non-binary,99.240.168.21
447,Orsa,Swales,oswalesce@narod.ru,Polygender,87.95.213.132
448,Kimberly,Eard,keardcf@businessweek.com,Female,112.109.149.155
449,Damita,Boshere,dbosherecg@cam.ac.uk,Genderfluid,63.213.128.29
450,Lenette,O'Sherin,losherinch@mtv.com,Female,156.126.34.234
451,Giulio,Bagot,gbagotci@pcworld.com,Non-binary,193.141.26.142
452,Bellina,Mangan,bmangancj@canalblog.com,Agender,225.107.205.235
453,Gunner,Jahn,gjahnck@nydailynews.com,Genderqueer,58.4.243.56
454,Elvira,Aglione,eaglionecl@psu.edu,Agender,124.239.207.99
455,Radcliffe,Paike,rpaikecm@oaic.gov.au,Bigender,255.70.249.52
456,Zara,Ingham,zinghamcn@usatoday.com,Bigender,241.223.225.91
457,Merrill,Sego,msegoco@google.com.br,Male,24.38.162.243
458,Axel,Mapledoram,amapledoramcp@walmart.com,Genderfluid,158.193.94.12
459,Woodrow,Kinge,wkingecq@ucoz.com,Bigender,83.195.206.74
460,Baldwin,Dafforne,bdaffornecr@icq.com,Non-binary,63.143.1.12
461,Doris,Ilyenko,dilyenkocs@yolasite.com,Genderqueer,59.245.35.130
462,Felike,Dewsbury,fdewsburyct@java.com,Non-binary,59.210.84.52
463,Urban,Volage,uvolagecu@com.com,Female,218.64.247.34
464,Ardeen,Deek,adeekcv@cnet.com,Female,14.194.79.126
465,Kittie,Hay,khaycw@homestead.com,Genderfluid,33.23.151.122
466,Lanette,Yukhtin,lyukhtincx@cbslocal.com,Polygender,194.83.67.19
467,Suzanna,Rebillard,srebillardcy@mtv.com,Genderfluid,84.3.236.70
468,Fleming,Rosewarne,frosewarnecz@wordpress.com,Bigender,70.81.96.138
469,Beauregard,Stuttard,bstuttardd0@icq.com,Agender,180.74.202.106
470,Reiko,Shankland,rshanklandd1@lulu.com,Polygender,178.107.173.169
471,Raeann,Carthy,rcarthyd2@paginegialle.it,Genderfluid,190.70.28.12
472,Tyler,Farndon,tfarndond3@xrea.com,Non-binary,84.120.232.68
473,Kym,Bortoluzzi,kbortoluzzid4@about.com,Male,91.59.237.74
474,Gleda,Furmage,gfurmaged5@bizjournals.com,Agender,106.190.110.102
475,Sibley,Stiddard,sstiddardd6@reference.com,Male,125.173.243.6
476,Hilde,Creamer,hcreamerd7@networkadvertising.org,Polygender,225.212.212.182
477,Sibyl,Le Noury,slenouryd8@smugmug.com,Non-binary,90.185.185.254
478,Yvette,Beggin,ybeggind9@jugem.jp,Male,70.130.66.237
479,Salomo,OIlier,soilierda@domainmarket.com,Non-binary,26.221.62.127
480,Graig,Dany,gdanydb@mlb.com,Genderfluid,44.154.159.139
481,Esdras,Habben,ehabbendc@addtoany.com,Female,85.155.113.9
482,Kathi,Schieferstein,kschiefersteindd@google.ru,Non-binary,21.98.229.162
483,Quentin,Jenks,qjenksde@github.io,Genderqueer,81.192.110.172
484,Davey,Klesse,dklessedf@cnn.com,Polygender,97.55.238.221
485,Stevena,Cockney,scockneydg@joomla.org,Polygender,43.56.234.180
486,Corrianne,Gercken,cgerckendh@economist.com,Genderqueer,26.118.164.221
487,Karlyn,Bower,kbowerdi@google.cn,Female,11.138.196.207
488,Diandra,Forestel,dforesteldj@canalblog.com,Genderqueer,238.33.140.174
489,Anthe,McPolin,amcpolindk@live.com,Female,38.80.121.190
490,Pietra,Horrod,phorroddl@privacy.gov.au,Bigender,58.158.74.236
491,Tanya,Wooland,twoolanddm@statcounter.com,Female,9.225.169.178
492,Andie,Gummer,agummerdn@gravatar.com,Female,191.155.9.238
493,Renate,Shieldon,rshieldondo@icio.us,Agender,68.94.23.139
494,Wilhelmina,Copnall,wcopnalldp@gravatar.com,Female,103.151.34.73
495,Burch,Sabati,bsabatidq@cnet.com,Non-binary,57.170.31.53
496,Dusty,Penfold,dpenfolddr@wufoo.com,Genderfluid,24.105.40.252
497,Orsa,Dundredge,odundredgeds@reverbnation.com,Bigender,215.202.254.160
498,Yule,Kobierski,ykobierskidt@apache.org,Male,166.68.160.65
499,Lanie,Leadston,lleadstondu@tripod.com,Bigender,116.100.53.209
500,Claudelle,O'Glassane,coglassanedv@europa.eu,Bigender,62.11.155.188
501,Peg,Tann,ptanndw@nih.gov,Agender,23.98.70.17
502,Hadlee,Linnock,hlinnockdx@si.edu,Genderqueer,109.27.221.96
503,Ariadne,Renyard,arenyarddy@java.com,Genderfluid,70.96.210.10
504,Donia,Fruen,dfruendz@hugedomains.com,Non-binary,184.12.35.153
505,Rozella,Dytham,rdythame0@nydailynews.com,Genderfluid,18.105.149.81
506,Guillaume,Ault,gaulte1@behance.net,Male,250.89.41.74
507,Virge,Covell,vcovelle2@archive.org,Female,52.237.175.142
508,Ros,Hethron,rhethrone3@apple.com,Genderfluid,117.150.69.68
509,Valerye,Mead,vmeade4@newsvine.com,Non-binary,144.225.115.139
510,Marshall,Wheble,mwheblee5@ow.ly,Genderqueer,166.17.142.144
511,Jeanette,England,jenglande6@netlog.com,Female,232.77.140.244
512,Tait,Dobell,tdobelle7@toplist.cz,Non-binary,48.224.59.242
513,Salome,Spensly,sspenslye8@flavors.me,Non-binary,161.116.14.167
514,Harbert,Bernini,hberninie9@ameblo.jp,Genderfluid,133.144.13.42
515,Jordan,Saker,jsakerea@liveinternet.ru,Male,20.243.247.55
516,Lyle,Dorling,ldorlingeb@businessinsider.com,Genderfluid,45.121.106.139
517,Adan,Garvill,agarvillec@tripod.com,Non-binary,81.43.107.50
518,Albie,Soames,asoamesed@themeforest.net,Non-binary,208.36.124.140
519,Binnie,Kinsett,bkinsettee@jimdo.com,Agender,52.149.0.81
520,Kari,Giacopini,kgiacopinief@sphinn.com,Genderfluid,85.28.39.236
521,Dara,Parton,dpartoneg@washington.edu,Polygender,1.121.247.202
522,Wood,Hixley,whixleyeh@google.fr,Genderqueer,151.186.45.67
523,Tiff,Abrams,tabramsei@storify.com,Non-binary,128.9.177.226
524,Collie,McGiffin,cmcgiffinej@t-online.de,Female,28.94.215.77
525,Frederich,Awcoate,fawcoateek@skyrock.com,Non-binary,8.117.151.63
526,Wynnie,Eyden,weydenel@mlb.com,Genderqueer,38.97.224.82
527,Violet,Dimmack,vdimmackem@chron.com,Genderfluid,24.34.80.24
528,Arielle,Francais,afrancaisen@nydailynews.com,Agender,209.20.107.244
529,Jacynth,Cicci,jciccieo@geocities.com,Bigender,244.14.31.145
530,Fransisco,Shall,fshallep@boston.com,Non-binary,92.225.128.108
531,Janene,Scarlin,jscarlineq@ucoz.com,Female,110.209.144.168
532,Matteo,Muscott,mmuscotter@wordpress.com,Bigender,25.167.131.52
533,Ninon,Janzen,njanzenes@senate.gov,Genderfluid,242.208.235.90
534,Otha,Batiste,obatisteet@chronoengine.com,Non-binary,213.72.8.146
535,Bernice,Thrasher,bthrashereu@cocolog-nifty.com,Female,203.151.244.10
536,Sallyann,Wesgate,swesgateev@fotki.com,Non-binary,113.247.111.121
537,Philip,Deller,pdellerew@apple.com,Genderqueer,200.110.61.246
538,Paolo,Merman,pmermanex@jiathis.com,Genderfluid,218.247.118.142
539,Karalee,Guille,kguilleey@usa.gov,Polygender,229.123.218.81
540,Beverlee,Thairs,bthairsez@whitehouse.gov,Female,163.62.157.198
541,Ollie,Burg,oburgf0@ft.com,Agender,51.32.197.72
542,Yoko,Burnell,yburnellf1@gravatar.com,Polygender,69.41.2.44
543,Trumaine,Broseman,tbrosemanf2@walmart.com,Non-binary,114.122.201.226
544,Temp,Faustin,tfaustinf3@cnn.com,Female,184.197.164.91
545,Angy,Trosdall,atrosdallf4@acquirethisname.com,Bigender,133.142.231.40
546,Stanislaw,Jelfs,sjelfsf5@hud.gov,Female,129.14.160.212
547,Eryn,Fancet,efancetf6@ovh.net,Female,33.93.137.76
548,Goldina,Pyser,gpyserf7@feedburner.com,Bigender,189.248.124.187
549,Gus,Madre,gmadref8@aol.com,Female,20.29.110.220
550,Jareb,Wales,jwalesf9@umn.edu,Polygender,192.140.106.228
551,Pearl,Jubb,pjubbfa@fda.gov,Bigender,90.210.8.44
552,Fairlie,Tomasz,ftomaszfb@techcrunch.com,Genderqueer,121.161.43.24
553,Antonino,Giacobilio,agiacobiliofc@ucoz.ru,Non-binary,247.27.136.155
554,Joletta,Brewitt,jbrewittfd@sciencedirect.com,Agender,177.111.83.66
555,Germain,Waliszek,gwaliszekfe@mit.edu,Genderqueer,225.77.181.187
556,Ainsley,Filov,afilovff@alexa.com,Genderfluid,179.183.58.188
557,Quinn,Noli,qnolifg@state.tx.us,Agender,133.27.93.6
558,Cortie,Davydoch,cdavydochfh@blog.com,Polygender,40.228.99.58
559,Teena,Roget,trogetfi@blog.com,Genderqueer,66.116.18.142
560,Lanny,Fudger,lfudgerfj@mediafire.com,Bigender,58.174.244.158
561,Sayre,Inglefield,singlefieldfk@wsj.com,Male,150.168.204.24
562,Kingsley,Trathen,ktrathenfl@europa.eu,Genderfluid,210.175.34.235
563,Merill,Goodnow,mgoodnowfm@oracle.com,Polygender,219.46.173.60
564,Bert,Otham,bothamfn@shinystat.com,Genderfluid,83.96.110.246
565,Cammy,Dumphry,cdumphryfo@bizjournals.com,Male,113.225.110.9
566,Augy,Pischoff,apischofffp@businessinsider.com,Male,177.217.104.183
567,Toby,Spittle,tspittlefq@xrea.com,Male,20.21.238.38
568,Haskell,Blachford,hblachfordfr@salon.com,Male,114.60.208.172
569,Maxie,Mauro,mmaurofs@vinaora.com,Agender,42.230.139.215
570,Halli,Lancley,hlancleyft@toplist.cz,Genderfluid,46.221.7.111
571,Annice,Carey,acareyfu@dyndns.org,Genderfluid,88.65.14.43
572,Isidor,MacKellar,imackellarfv@ebay.co.uk,Genderqueer,190.212.228.242
573,Austina,Tapenden,atapendenfw@last.fm,Agender,130.104.202.73
574,Ambros,Marzellano,amarzellanofx@unicef.org,Female,71.196.154.228
575,Griffin,Abbati,gabbatify@artisteer.com,Male,236.233.250.219
576,Catrina,Dormand,cdormandfz@umn.edu,Agender,235.92.50.120
577,Gladys,Critchard,gcritchardg0@buzzfeed.com,Genderfluid,70.79.180.211
578,Cullan,Byer,cbyerg1@engadget.com,Bigender,41.14.32.218
579,Luce,Orneles,lornelesg2@constantcontact.com,Genderfluid,250.238.23.82
580,Clywd,Merchant,cmerchantg3@mail.ru,Agender,242.23.58.198
581,Townsend,Berriball,tberriballg4@taobao.com,Agender,23.88.63.112
582,Taylor,Goldstein,tgoldsteing5@umn.edu,Female,73.74.228.122
583,Julita,Dunkerly,jdunkerlyg6@rambler.ru,Genderfluid,144.97.249.132
584,Poppy,Doncom,pdoncomg7@sourceforge.net,Female,160.74.26.79
585,Aloise,Pannett,apannettg8@google.com,Male,170.116.239.156
586,Adore,Gallaher,agallaherg9@cdbaby.com,Male,83.11.216.24
587,Isac,Jiruch,ijiruchga@flavors.me,Male,162.190.29.42
588,Dotti,Crofthwaite,dcrofthwaitegb@wired.com,Genderfluid,141.109.191.144
589,Margy,Bowie,mbowiegc@cbslocal.com,Polygender,110.87.211.124
590,Bellanca,Willett,bwillettgd@berkeley.edu,Genderqueer,225.175.172.147
591,Mabel,Leyman,mleymange@nsw.gov.au,Non-binary,184.179.143.94
592,Briano,Teers,bteersgf@hc360.com,Polygender,67.215.154.21
593,Keelby,Robrow,krobrowgg@slate.com,Female,106.157.87.21
594,Elenore,Raincin,eraincingh@pagesperso-orange.fr,Male,81.45.36.84
595,Dixie,Oughtright,doughtrightgi@nydailynews.com,Polygender,64.169.169.224
596,Lorette,MacSkeaghan,lmacskeaghangj@biglobe.ne.jp,Male,162.90.166.108
597,Calida,Degue,cdeguegk@sakura.ne.jp,Male,104.123.14.255
598,Jesse,Gatecliff,jgatecliffgl@netscape.com,Polygender,11.37.134.45
599,Aveline,Denys,adenysgm@marketwatch.com,Polygender,22.135.101.34
600,Marcy,MacIlraith,mmacilraithgn@intel.com,Genderqueer,249.208.217.212
601,Mozes,McKimmey,mmckimmeygo@globo.com,Male,116.161.242.179
602,Anett,Schulze,aschulzegp@ted.com,Non-binary,98.221.37.91
603,Marsiella,Andell,mandellgq@latimes.com,Non-binary,204.131.217.21
604,Rosaleen,Jakes,rjakesgr@army.mil,Male,78.162.40.37
605,Kat,Finlry,kfinlrygs@diigo.com,Non-binary,5.167.42.109
606,Casi,McCarthy,cmccarthygt@t-online.de,Non-binary,192.234.230.113
607,Kiel,Fullerd,kfullerdgu@comcast.net,Bigender,119.134.102.53
608,Dasha,Gianettini,dgianettinigv@sourceforge.net,Agender,208.254.125.120
609,Tabby,Preator,tpreatorgw@example.com,Polygender,150.226.48.138
610,Verile,Sneesbie,vsneesbiegx@usa.gov,Male,220.132.176.97
611,Harri,Cufflin,hcufflingy@opera.com,Genderqueer,6.93.251.212
612,Cal,Liddiatt,cliddiattgz@home.pl,Polygender,55.127.162.47
613,Worthy,Maypole,wmaypoleh0@cyberchimps.com,Genderfluid,114.0.164.53
614,Amabelle,Trahearn,atrahearnh1@canalblog.com,Non-binary,244.158.70.244
615,Kevan,Erie,kerieh2@who.int,Non-binary,23.195.148.112
616,Jessie,Silby,jsilbyh3@utexas.edu,Bigender,130.49.69.152
617,Audrye,Anthona,aanthonah4@mysql.com,Bigender,168.159.217.123
618,Rebeka,Yuryshev,ryuryshevh5@scientificamerican.com,Genderfluid,229.180.216.138
619,Xena,Hilland,xhillandh6@redcross.org,Genderfluid,99.119.194.118
620,Nikolaus,Woolens,nwoolensh7@ted.com,Female,7.214.161.217
621,Doralia,Temperley,dtemperleyh8@amazon.com,Genderfluid,215.121.147.201
622,Raleigh,Crayden,rcraydenh9@cmu.edu,Male,12.155.235.204
623,Brandi,Gossage,bgossageha@theglobeandmail.com,Bigender,81.140.28.214
624,Horton,Sellers,hsellershb@walmart.com,Bigender,1.246.137.45
625,Hersch,Beadham,hbeadhamhc@google.com.br,Agender,142.97.96.50
626,Francyne,Hindenberger,fhindenbergerhd@oracle.com,Non-binary,186.130.208.145
627,Itch,Burman,iburmanhe@fema.gov,Bigender,52.140.162.117
628,Nicole,Meaders,nmeadershf@fastcompany.com,Non-binary,162.250.184.113
629,Jakie,Cromie,jcromiehg@umich.edu,Genderqueer,71.48.170.132
630,Karyn,Louis,klouishh@google.pl,Male,207.213.160.107
631,Katya,Kirkbright,kkirkbrighthi@google.co.jp,Female,199.48.8.28
632,Ed,Trippick,etrippickhj@hibu.com,Non-binary,42.135.182.184
633,Demott,Skipsea,dskipseahk@vimeo.com,Genderqueer,42.62.152.241
634,Chickie,Maund,cmaundhl@loc.gov,Genderfluid,220.101.106.181
635,Pall,Tollady,ptolladyhm@myspace.com,Polygender,87.237.32.137
636,Kordula,Bleckly,kblecklyhn@ocn.ne.jp,Polygender,58.164.105.219
637,Sean,Lovatt,slovattho@discovery.com,Polygender,6.155.165.189
638,Valma,Gowlett,vgowletthp@home.pl,Polygender,0.13.45.243
639,Fleming,Brunroth,fbrunrothhq@paypal.com,Polygender,212.45.138.202
640,Ambrosi,Oseman,aosemanhr@ox.ac.uk,Male,149.154.53.186
641,Paolo,Beaufoy,pbeaufoyhs@ebay.co.uk,Bigender,177.115.208.145
642,Estrella,Glassford,eglassfordht@thetimes.co.uk,Non-binary,181.54.90.231
643,Bernhard,Dwelly,bdwellyhu@timesonline.co.uk,Agender,191.149.141.215
644,Carri,Goodlake,cgoodlakehv@example.com,Genderfluid,194.33.86.83
645,Teodorico,Goning,tgoninghw@mozilla.com,Bigender,7.175.91.89
646,Rubie,Zelner,rzelnerhx@studiopress.com,Female,160.87.86.230
647,Pearle,Wallach,pwallachhy@mayoclinic.com,Male,102.176.2.47
648,Boycie,MacDermot,bmacdermothz@prweb.com,Female,202.254.222.133
649,Leigha,Hinrichs,lhinrichsi0@independent.co.uk,Agender,71.1.196.111
650,Moselle,Zanitti,mzanittii1@csmonitor.com,Bigender,74.200.52.200
651,Larina,Adrian,ladriani2@parallels.com,Bigender,245.112.131.79
652,Chere,Laffranconi,claffranconii3@microsoft.com,Genderfluid,162.143.228.253
653,Van,MacAless,vmacalessi4@ibm.com,Male,12.187.214.73
654,Jeth,Balsdone,jbalsdonei5@infoseek.co.jp,Female,218.202.61.196
655,Riane,Capewell,rcapewelli6@weibo.com,Male,64.131.133.28
656,Shanna,Collard,scollardi7@icio.us,Agender,4.29.120.28
657,Maisey,Ofen,mofeni8@columbia.edu,Non-binary,73.132.82.126
658,Bordie,Staniford,bstanifordi9@constantcontact.com,Female,27.81.166.226
659,Craig,Ockwell,cockwellia@ifeng.com,Bigender,77.13.56.130
660,Staford,Fulks,sfulksib@hubpages.com,Male,148.42.43.172
661,Geordie,Beedie,gbeedieic@netvibes.com,Agender,188.200.82.34
662,Allix,Myton,amytonid@si.edu,Non-binary,190.150.92.200
663,Dorthy,Loutheane,dloutheaneie@google.ru,Male,64.175.106.205
664,Adella,Reboulet,arebouletif@blinklist.com,Genderfluid,151.100.251.65
665,Pennie,Morrison,pmorrisonig@umich.edu,Bigender,90.70.179.80
666,Dela,Waldie,dwaldieih@sfgate.com,Genderfluid,61.101.111.184
667,Anna-diane,Barbier,abarbierii@alexa.com,Non-binary,230.200.225.2
668,Melicent,Kurdani,mkurdaniij@amazon.de,Agender,181.3.208.33
669,Mallorie,Delahunt,mdelahuntik@mapy.cz,Bigender,43.164.83.25
670,Cindee,Dallas,cdallasil@topsy.com,Female,44.115.163.44
671,Kirbie,Dine-Hart,kdinehartim@google.pl,Male,217.25.143.74
672,Sherill,Guarin,sguarinin@joomla.org,Non-binary,208.45.206.197
673,Thadeus,MacFall,tmacfallio@cloudflare.com,Bigender,4.196.182.186
674,Lulu,Stammers,lstammersip@about.com,Female,225.106.166.205
675,Englebert,Herkess,eherkessiq@google.ru,Male,47.107.64.143
676,Nolie,Fairrie,nfairrieir@youtu.be,Non-binary,134.89.9.167
677,Alf,Stebles,asteblesis@qq.com,Non-binary,188.41.14.10
678,Klemens,Simoneton,ksimonetonit@vkontakte.ru,Male,239.186.8.134
679,Viola,Brick,vbrickiu@ameblo.jp,Female,70.103.251.205
680,Renee,Crellim,rcrellimiv@wikimedia.org,Polygender,68.102.216.24
681,Fanya,Raine,fraineiw@nasa.gov,Polygender,160.16.110.164
682,Robinett,Isaksen,risaksenix@google.cn,Non-binary,164.231.245.129
683,Allie,Gambrell,agambrelliy@washington.edu,Non-binary,252.130.13.103
684,Rania,Granville,rgranvilleiz@about.me,Non-binary,119.106.97.161
685,Ginelle,Igo,gigoj0@cbsnews.com,Genderqueer,64.115.172.184
686,Cullin,Baldinotti,cbaldinottij1@tmall.com,Agender,81.128.24.152
687,Christel,Johnsey,cjohnseyj2@tiny.cc,Bigender,91.34.102.95
688,Hobie,Dee,hdeej3@wikimedia.org,Non-binary,120.42.159.227
689,Bette-ann,Gittoes,bgittoesj4@purevolume.com,Bigender,119.149.113.63
690,Ignacio,Pedrocchi,ipedrocchij5@istockphoto.com,Bigender,204.211.41.34
691,Dennet,Oppery,dopperyj6@un.org,Female,232.77.14.247
692,Aubrey,Rubinlicht,arubinlichtj7@webnode.com,Genderfluid,150.253.193.117
693,Cart,Goulstone,cgoulstonej8@timesonline.co.uk,Polygender,159.148.215.54
694,Pattie,Cheesworth,pcheesworthj9@ca.gov,Genderfluid,31.47.229.222
695,Guilbert,Dilrew,gdilrewja@storify.com,Bigender,206.194.84.185
696,Shaughn,Le Moucheux,slemoucheuxjb@sfgate.com,Female,226.99.12.101
697,Rosemary,Voice,rvoicejc@loc.gov,Genderqueer,173.31.212.101
698,Pietrek,Brahm,pbrahmjd@globo.com,Genderfluid,132.36.131.202
699,Dorris,Rosetti,drosettije@foxnews.com,Bigender,182.90.162.187
700,Nerti,McNuff,nmcnuffjf@auda.org.au,Genderfluid,221.86.169.16
701,Tabatha,Chaudret,tchaudretjg@narod.ru,Genderqueer,226.17.216.223
702,Benny,Grimsdith,bgrimsdithjh@surveymonkey.com,Polygender,241.90.207.147
703,Cybil,Perello,cperelloji@scribd.com,Female,235.155.1.119
704,Jarad,Broomfield,jbroomfieldjj@omniture.com,Male,182.248.93.188
705,Thomasine,McClymont,tmcclymontjk@163.com,Genderqueer,81.159.148.87
706,Lizbeth,Pollendine,lpollendinejl@answers.com,Agender,123.133.26.238
707,Berni,Ellesworthe,bellesworthejm@who.int,Genderfluid,41.24.178.72
708,Karlie,Staunton,kstauntonjn@aboutads.info,Genderqueer,168.115.27.166
709,Merissa,Pirrone,mpirronejo@illinois.edu,Female,178.138.127.36
710,Latia,McIlroy,lmcilroyjp@opensource.org,Agender,143.129.244.67
711,Tillie,Calvie,tcalviejq@ibm.com,Female,204.8.227.188
712,Meridith,Danilewicz,mdanilewiczjr@ow.ly,Polygender,188.178.247.35
713,Anica,Lief,aliefjs@tuttocitta.it,Bigender,160.18.216.148
714,Maddalena,Klaaassen,mklaaassenjt@hatena.ne.jp,Bigender,79.106.202.118
715,Isidore,Waterstone,iwaterstoneju@devhub.com,Agender,55.92.105.151
716,Terri,Bareford,tbarefordjv@123-reg.co.uk,Male,161.140.193.191
717,Gamaliel,Hurle,ghurlejw@cpanel.net,Genderqueer,109.23.122.132
718,Tedi,Lippitt,tlippittjx@archive.org,Genderfluid,95.29.166.237
719,Bunny,Dalmon,bdalmonjy@liveinternet.ru,Genderfluid,126.66.6.16
720,Morissa,De Zamudio,mdezamudiojz@theatlantic.com,Non-binary,194.159.106.221
721,Alyson,Verson,aversonk0@linkedin.com,Polygender,4.179.112.104
722,Laurene,Wildber,lwildberk1@latimes.com,Bigender,181.157.193.153
723,Iago,Dwight,idwightk2@acquirethisname.com,Non-binary,86.45.138.73
724,Theo,Halsworth,thalsworthk3@unblog.fr,Polygender,43.128.40.212
725,Steffi,Cheverton,schevertonk4@seattletimes.com,Polygender,26.236.85.104
726,Oliviero,Pirrone,opirronek5@w3.org,Male,15.5.211.208
727,Della,Shah,dshahk6@tamu.edu,Bigender,172.86.165.113
728,Spense,Doyle,sdoylek7@npr.org,Non-binary,229.19.106.169
729,Maddy,Tales,mtalesk8@github.com,Non-binary,170.102.168.119
730,Tristam,Malley,tmalleyk9@businesswire.com,Male,148.106.65.223
731,Ruthie,Keel,rkeelka@npr.org,Bigender,66.9.88.47
732,Glendon,D'Hooghe,gdhooghekb@amazon.com,Non-binary,223.96.203.100
733,Jeromy,Zamboniari,jzamboniarikc@squarespace.com,Polygender,98.45.215.83
734,Terrie,Fibben,tfibbenkd@house.gov,Genderqueer,138.136.21.242
735,Carlen,Tabord,ctabordke@independent.co.uk,Polygender,144.101.138.24
736,Leonie,Steuhlmeyer,lsteuhlmeyerkf@arizona.edu,Polygender,191.84.118.58
737,Augustina,Marriage,amarriagekg@washingtonpost.com,Non-binary,159.223.228.81
738,Normie,Casale,ncasalekh@mtv.com,Bigender,215.188.244.180
739,Rae,Coyte,rcoyteki@nytimes.com,Female,135.225.148.241
740,Lothario,Marchington,lmarchingtonkj@blogspot.com,Male,26.249.243.199
741,Rana,Frears,rfrearskk@parallels.com,Genderqueer,70.47.63.140
742,Turner,Manger,tmangerkl@amazon.com,Genderqueer,56.202.60.70
743,Valaree,Coolican,vcoolicankm@nba.com,Agender,229.130.229.117
744,Annamaria,Featherbie,afeatherbiekn@berkeley.edu,Polygender,26.13.178.18
745,Brandtr,Champkins,bchampkinsko@umn.edu,Female,172.111.232.146
746,Dorris,Medcraft,dmedcraftkp@unblog.fr,Agender,211.198.254.172
747,Larry,Grevel,lgrevelkq@census.gov,Female,94.182.70.22
748,Huntington,Sommerly,hsommerlykr@opera.com,Bigender,217.101.244.238
749,Jamesy,Ithell,jithellks@soup.io,Genderfluid,11.245.216.235
750,Wenonah,Foucar,wfoucarkt@netlog.com,Bigender,31.246.225.181
751,Valerye,Redmond,vredmondku@oakley.com,Genderqueer,65.77.70.190
752,Tucker,Perfitt,tperfittkv@marriott.com,Female,203.90.204.42
753,Alana,Shuttell,ashuttellkw@hp.com,Male,89.15.163.38
754,Leyla,Ellerton,lellertonkx@flickr.com,Genderfluid,10.151.171.124
755,Lexy,Armiger,larmigerky@narod.ru,Female,226.200.230.20
756,Blakelee,Rany,branykz@mediafire.com,Genderfluid,210.81.183.204
757,Caril,Fiddiman,cfiddimanl0@ebay.co.uk,Bigender,78.14.231.90
758,Saloma,Yanez,syanezl1@va.gov,Genderqueer,144.165.244.144
759,Alisha,Fenge,afengel2@geocities.com,Bigender,141.8.80.230
760,Hal,Hemms,hhemmsl3@springer.com,Genderqueer,234.104.84.97
761,Neel,Fudger,nfudgerl4@google.com.au,Genderfluid,82.22.163.81
762,Darby,Dauby,ddaubyl5@paypal.com,Agender,185.216.199.226
763,Burgess,Mitten,bmittenl6@imageshack.us,Genderqueer,208.154.62.176
764,Reina,Krimmer,rkrimmerl7@sourceforge.net,Genderfluid,65.48.145.140
765,Aldin,Betjes,abetjesl8@deviantart.com,Polygender,225.150.219.182
766,Karlotta,Tweede,ktweedel9@github.io,Female,122.75.148.153
767,Rudolph,Cobello,rcobellola@weibo.com,Genderqueer,80.156.100.113
768,Vaclav,Grissett,vgrissettlb@diigo.com,Non-binary,200.77.31.216
769,Lara,Coggen,lcoggenlc@printfriendly.com,Non-binary,70.254.1.49
770,Otho,Clair,oclairld@loc.gov,Genderqueer,25.46.209.177
771,Asher,Sorel,asorelle@smugmug.com,Female,148.178.15.208
772,Daffy,Linsley,dlinsleylf@deviantart.com,Genderqueer,76.190.187.125
773,Tedd,Himsworth,thimsworthlg@t.co,Genderfluid,106.67.12.81
774,Millicent,McMurtyr,mmcmurtyrlh@uol.com.br,Male,234.105.64.149
775,Malcolm,Harlick,mharlickli@japanpost.jp,Female,43.12.134.26
776,Blanch,Brandolini,bbrandolinilj@pen.io,Genderfluid,28.16.210.47
777,Essa,Stodit,estoditlk@1688.com,Genderfluid,116.240.3.217
778,Kathleen,Winning,kwinningll@pinterest.com,Non-binary,254.192.217.97
779,Tracee,Rue,truelm@goo.gl,Genderfluid,83.93.45.13
780,Darby,Heighway,dheighwayln@istockphoto.com,Polygender,6.3.215.184
781,Kennett,Botten,kbottenlo@ca.gov,Bigender,43.6.171.17
782,Madelena,Addams,maddamslp@linkedin.com,Polygender,78.169.222.67
783,Allina,Billing,abillinglq@dailymotion.com,Agender,173.241.119.205
784,Vonnie,Forrestall,vforrestalllr@oaic.gov.au,Genderfluid,198.255.202.99
785,Addy,Margetson,amargetsonls@privacy.gov.au,Agender,198.55.118.190
786,Jordan,Hudson,jhudsonlt@ca.gov,Genderqueer,29.180.150.180
787,Sig,Dwerryhouse,sdwerryhouselu@newsvine.com,Male,85.193.103.120
788,Starlene,Paice,spaicelv@wisc.edu,Genderfluid,48.208.136.1
789,Kristina,Dybald,kdybaldlw@digg.com,Female,15.194.250.26
790,Stella,Pach,spachlx@mashable.com,Polygender,232.251.150.85
791,Wendye,Livett,wlivettly@zimbio.com,Female,137.167.93.251
792,Teresa,Plews,tplewslz@scientificamerican.com,Bigender,180.25.103.12
793,Aube,Bonhill,abonhillm0@comcast.net,Bigender,37.187.182.121
794,Aurore,Caldwell,acaldwellm1@biblegateway.com,Polygender,82.167.0.225
795,Renault,Wolfarth,rwolfarthm2@exblog.jp,Agender,166.242.161.202
796,Haily,Grzegorecki,hgrzegoreckim3@wp.com,Agender,97.64.150.73
797,Ariel,Baigrie,abaigriem4@bandcamp.com,Polygender,85.217.1.38
798,Beret,Snoddon,bsnoddonm5@whitehouse.gov,Genderqueer,110.93.165.60
799,Nikolas,Broadhurst,nbroadhurstm6@tinyurl.com,Male,4.235.26.40
800,Joel,Joire,jjoirem7@uol.com.br,Genderfluid,154.196.9.142
801,Mathian,Andrysiak,mandrysiakm8@disqus.com,Polygender,53.105.152.26
802,Elisabet,Call,ecallm9@domainmarket.com,Non-binary,109.117.170.202
803,Brendis,Barca,bbarcama@whitehouse.gov,Male,72.234.112.126
804,Edie,Willison,ewillisonmb@bizjournals.com,Male,55.126.86.9
805,Even,Sander,esandermc@princeton.edu,Genderqueer,53.39.44.172
806,Loleta,Harring,lharringmd@chicagotribune.com,Genderfluid,81.180.236.224
807,Bernete,Cottrell,bcottrellme@cpanel.net,Male,129.189.53.198
808,Rick,Bernardelli,rbernardellimf@hostgator.com,Polygender,168.53.210.200
809,Carolann,Conlon,cconlonmg@mail.ru,Genderfluid,169.242.222.89
810,Anthony,Simcock,asimcockmh@networksolutions.com,Bigender,168.110.223.64
811,Gertrud,Langstaff,glangstaffmi@1688.com,Bigender,237.20.127.156
812,Wernher,Ales0,walesmj@arstechnica.com,Non-binary,45.6.231.125
813,Moe,Buff,mbuffmk@newyorker.com,Genderqueer,89.194.168.251
814,Leroi,Landrieu,llandrieuml@businessinsider.com,Agender,193.183.244.33
815,Cristen,Aron,caronmm@sogou.com,Genderqueer,217.235.56.245
816,Lezley,Hunter,lhuntermn@addthis.com,Bigender,194.100.53.109
817,Janenna,Boundey,jboundeymo@usgs.gov,Polygender,24.200.58.24
818,Daphene,Nutkin,dnutkinmp@cocolog-nifty.com,Female,139.235.98.209
819,Billye,Hasloch,bhaslochmq@hatena.ne.jp,Bigender,154.130.51.147
820,Laughton,Sattin,lsattinmr@homestead.com,Male,152.221.149.157
821,Bart,Ghelardi,bghelardims@ask.com,Male,3.23.74.135
822,Timmy,Andreopolos,tandreopolosmt@ted.com,Non-binary,170.31.196.82
823,Ranna,Dumsday,rdumsdaymu@usa.gov,Agender,171.217.242.82
824,Emalee,Comello,ecomellomv@macromedia.com,Polygender,149.63.131.46
825,Eolanda,Perrott,eperrottmw@answers.com,Female,9.4.155.246
826,Thurston,Huggan,thugganmx@feedburner.com,Agender,61.108.117.65
827,Genni,Grimsdike,ggrimsdikemy@privacy.gov.au,Polygender,203.150.79.117
828,Maye,Hefferon,mhefferonmz@etsy.com,Genderqueer,251.235.191.198
829,Sebastiano,Parley,sparleyn0@techcrunch.com,Bigender,32.1.175.7
830,Nicky,Colbert,ncolbertn1@cornell.edu,Genderqueer,53.227.74.142
831,Lindie,Eassom,leassomn2@php.net,Polygender,196.38.161.195
832,Ephraim,Pilgram,epilgramn3@walmart.com,Agender,128.46.109.8
833,Obed,Downie,odownien4@baidu.com,Female,15.39.102.23
834,Rickie,Santer,rsantern5@amazon.com,Non-binary,78.103.39.217
835,Rand,Shatliffe,rshatliffen6@sakura.ne.jp,Genderqueer,81.129.81.98
836,Merv,Callaghan,mcallaghann7@chron.com,Polygender,78.20.57.74
837,Brand,Wickardt,bwickardtn8@wikimedia.org,Agender,8.31.216.150
838,Ermanno,McCreery,emccreeryn9@digg.com,Genderfluid,19.53.87.75
839,Filippo,Sarver,fsarverna@xing.com,Polygender,75.116.193.141
840,Reyna,Chellingworth,rchellingworthnb@phoca.cz,Male,196.69.217.22
841,Selie,Tidbold,stidboldnc@shareasale.com,Polygender,177.150.97.212
842,Wilie,Fitzmaurice,wfitzmauricend@4shared.com,Female,43.34.147.32
843,Carlyle,Revie,creviene@creativecommons.org,Genderqueer,91.129.226.15
844,Vassily,Gascoine,vgascoinenf@i2i.jp,Female,0.100.29.171
845,Malina,Jereatt,mjereattng@europa.eu,Polygender,210.218.160.176
846,Dacey,Banham,dbanhamnh@seattletimes.com,Genderqueer,46.51.219.29
847,Giovanna,Colombier,gcolombierni@google.nl,Bigender,81.177.82.132
848,Kimberli,Salamon,ksalamonnj@photobucket.com,Agender,225.12.47.225
849,Roddy,Wildblood,rwildbloodnk@themeforest.net,Male,138.34.207.78
850,Rancell,Tether,rtethernl@pcworld.com,Genderfluid,18.144.147.184
851,Bliss,Ganiford,bganifordnm@csmonitor.com,Agender,86.94.140.47
852,Tatiana,Dobrovsky,tdobrovskynn@instagram.com,Agender,203.99.104.172
853,Martyn,Tyrer,mtyrerno@g.co,Non-binary,107.192.77.90
854,Farris,Dedenham,fdedenhamnp@slashdot.org,Polygender,178.194.85.21
855,Will,Sweetlove,wsweetlovenq@thetimes.co.uk,Agender,239.136.5.74
856,Valery,Esselin,vesselinnr@economist.com,Genderqueer,176.78.223.92
857,Anabelle,Covill,acovillns@exblog.jp,Polygender,241.120.139.133
858,Mavra,Jerrim,mjerrimnt@mtv.com,Genderqueer,250.213.115.156
859,Ahmad,Azemar,aazemarnu@dyndns.org,Genderqueer,79.248.170.144
860,Kin,Ashmore,kashmorenv@springer.com,Agender,162.39.161.138
861,Aldric,O'Sculley,aosculleynw@bandcamp.com,Agender,6.55.21.115
862,Morna,Gilchrist,mgilchristnx@amazon.com,Female,88.155.148.248
863,Jackson,Maryman,jmarymanny@ucoz.com,Genderfluid,134.30.99.41
864,Keary,Neubigin,kneubiginnz@seattletimes.com,Genderfluid,167.200.114.154
865,Zsazsa,Seed,zseedo0@hatena.ne.jp,Bigender,7.140.70.227
866,Bondy,Bednall,bbednallo1@surveymonkey.com,Agender,112.5.79.85
867,Madge,Brandino,mbrandinoo2@usa.gov,Male,249.164.197.104
868,Paten,Cosgrive,pcosgriveo3@github.com,Genderfluid,127.190.198.38
869,Cherilynn,Ambage,cambageo4@harvard.edu,Female,93.84.223.236
870,Tawnya,Di Baudi,tdibaudio5@github.io,Bigender,196.179.178.194
871,Lotty,Varren,lvarreno6@blog.com,Bigender,235.31.193.59
872,Daffi,Morando,dmorandoo7@forbes.com,Bigender,246.132.244.37
873,Hendrick,Sherringham,hsherringhamo8@slate.com,Polygender,119.204.162.165
874,Ambrose,Faraday,afaradayo9@usgs.gov,Non-binary,237.66.118.180
875,Nolly,Joules,njoulesoa@washington.edu,Male,0.127.121.55
876,Leda,Hubball,lhubballob@hexun.com,Genderqueer,132.208.232.218
877,Farrah,Lauridsen,flauridsenoc@wordpress.org,Polygender,102.39.225.140
878,Stephie,Bontein,sbonteinod@miitbeian.gov.cn,Polygender,84.38.212.237
879,Salli,Thorouggood,sthorouggoodoe@oakley.com,Genderfluid,12.126.65.96
880,Daffy,Clashe,dclasheof@usnews.com,Genderfluid,98.229.187.164
881,Andra,Cawse,acawseog@so-net.ne.jp,Polygender,77.217.193.120
882,Curt,Bosomworth,cbosomworthoh@shareasale.com,Polygender,76.49.5.181
883,Gonzales,Iverson,giversonoi@prweb.com,Male,196.181.35.235
884,Godiva,McColley,gmccolleyoj@google.co.jp,Female,62.5.225.203
885,Rochell,Luckes,rluckesok@csmonitor.com,Polygender,9.6.210.46
886,Tynan,Whate,twhateol@omniture.com,Polygender,68.171.154.167
887,Krysta,Lachaize,klachaizeom@oakley.com,Bigender,145.91.241.174
888,Griffin,Ashwin,gashwinon@flavors.me,Genderqueer,68.72.205.186
889,Shelia,O'Lunny,solunnyoo@patch.com,Genderqueer,4.47.81.21
890,Gae,Andreasson,gandreassonop@godaddy.com,Agender,49.244.1.92
891,Osbourne,Holleran,oholleranoq@i2i.jp,Genderqueer,159.100.218.222
892,Ana,Hubner,ahubneror@sciencedaily.com,Genderfluid,82.173.70.202
893,Sonya,Clee,scleeos@samsung.com,Agender,102.58.173.58
894,Arthur,Barbrick,abarbrickot@fotki.com,Agender,174.210.135.88
895,Yoshiko,Culligan,yculliganou@nhs.uk,Female,244.230.43.226
896,Louisette,Rojel,lrojelov@hp.com,Male,183.132.240.22
897,Sheilakathryn,Bratton,sbrattonow@nba.com,Genderfluid,73.192.152.203
898,Anthea,Colliber,acolliberox@dell.com,Male,168.73.252.105
899,Heinrik,Cansdall,hcansdalloy@google.co.jp,Agender,250.168.57.208
900,Karilynn,Fredi,kfredioz@webmd.com,Genderfluid,249.138.242.131
901,Hazel,Dampier,hdampierp0@samsung.com,Genderqueer,11.209.185.125
902,Cecil,Jonczyk,cjonczykp1@sourceforge.net,Bigender,216.36.177.219
903,Jacqueline,Ingyon,jingyonp2@lulu.com,Non-binary,61.158.225.202
904,Abdul,Ioannou,aioannoup3@cisco.com,Polygender,20.141.8.88
905,Bianka,Fickling,bficklingp4@senate.gov,Polygender,228.234.127.210
906,Hattie,Lacasa,hlacasap5@who.int,Non-binary,141.245.46.206
907,Aile,Gotthard.sf,agotthardsfp6@wikipedia.org,Bigender,67.77.253.109
908,Tatiana,Lumber,tlumberp7@sbwire.com,Male,21.244.126.181
909,Andros,Segar,asegarp8@1und1.de,Non-binary,146.83.69.97
910,Sara,Cluitt,scluittp9@csmonitor.com,Female,46.189.39.25
911,Melany,Templeton,mtempletonpa@zdnet.com,Genderqueer,9.182.138.139
912,Edin,Toland,etolandpb@arstechnica.com,Polygender,231.34.155.154
913,Fenelia,Reinard,freinardpc@tripadvisor.com,Genderfluid,213.241.209.185
914,Linette,Rafferty,lraffertypd@salon.com,Female,82.182.15.229
915,Hillel,McNish,hmcnishpe@google.com.br,Genderfluid,130.157.185.62
916,Viola,Varfalameev,vvarfalameevpf@newyorker.com,Bigender,99.128.68.156
917,Shanan,Gillatt,sgillattpg@slate.com,Agender,191.132.108.106
918,Leighton,Stollen,lstollenph@pinterest.com,Polygender,14.0.93.129
919,Xenia,Timmens,xtimmenspi@cnn.com,Bigender,204.83.5.223
920,Augustina,Rickarsey,arickarseypj@sciencedaily.com,Genderqueer,160.228.141.191
921,Aubree,Jewar,ajewarpk@blogtalkradio.com,Female,211.206.214.182
922,Archibold,Castro,acastropl@digg.com,Genderqueer,79.198.190.125
923,Giff,Grosvenor,ggrosvenorpm@facebook.com,Genderfluid,177.67.15.62
924,Nicholas,Ogger,noggerpn@multiply.com,Agender,181.119.1.53
925,Onida,Saldler,osaldlerpo@t-online.de,Non-binary,140.149.197.80
926,Zenia,Desouza,zdesouzapp@state.tx.us,Polygender,24.151.63.157
927,Cazzie,Darlasson,cdarlassonpq@shutterfly.com,Male,161.146.218.167
928,Letta,Fero,lferopr@ihg.com,Genderqueer,97.32.11.237
929,Rooney,Meers,rmeersps@google.fr,Bigender,73.227.120.57
930,Sam,Dalziel,sdalzielpt@hubpages.com,Male,4.54.28.251
931,Trev,Gasticke,tgastickepu@a8.net,Agender,33.75.112.144
932,Mariel,Mitchenson,mmitchensonpv@adobe.com,Polygender,51.97.200.255
933,Kathie,Ferrara,kferrarapw@mashable.com,Genderfluid,59.122.2.199
934,Inna,Downing,idowningpx@wikimedia.org,Female,173.121.188.24
935,Marcos,Spens,mspenspy@qq.com,Agender,9.209.182.176
936,Rick,Benedit,rbeneditpz@bloglovin.com,Female,103.205.60.21
937,Alair,Aitkenhead,aaitkenheadq0@tuttocitta.it,Female,118.149.123.164
938,Lelia,Pentecust,lpentecustq1@ibm.com,Polygender,70.47.227.154
939,Burlie,Oke,bokeq2@miibeian.gov.cn,Male,29.191.92.199
940,Bryn,Sterrie,bsterrieq3@constantcontact.com,Genderfluid,224.133.124.162
941,Pernell,Blumire,pblumireq4@biglobe.ne.jp,Polygender,109.231.244.164
942,Zena,Brashier,zbrashierq5@omniture.com,Non-binary,127.112.168.213
943,Nat,Crossgrove,ncrossgroveq6@bloglines.com,Bigender,212.97.76.169
944,Craggie,Fitchett,cfitchettq7@icio.us,Polygender,54.193.253.245
945,Melisse,Varnam,mvarnamq8@a8.net,Genderqueer,98.116.218.164
946,Barn,Larmuth,blarmuthq9@tumblr.com,Male,176.241.11.106
947,Roarke,Hooke,rhookeqa@github.io,Non-binary,48.179.32.111
948,Aigneis,Bernardos,abernardosqb@scribd.com,Female,16.194.177.242
949,Upton,Fattorini,ufattoriniqc@xing.com,Genderqueer,123.51.71.26
950,Darsie,Friedlos,dfriedlosqd@over-blog.com,Genderqueer,38.175.197.118
951,Claudian,Inchan,cinchanqe@tinyurl.com,Bigender,33.64.32.246
952,Sergent,Raccio,sraccioqf@ow.ly,Bigender,239.229.200.143
953,Allissa,Snowman,asnowmanqg@gnu.org,Genderqueer,117.152.66.175
954,Lavinie,McGavin,lmcgavinqh@mozilla.com,Agender,232.92.192.60
955,Carmine,Gill,cgillqi@miibeian.gov.cn,Male,161.72.246.40
956,Lorelei,Stoffel,lstoffelqj@amazonaws.com,Genderqueer,111.35.135.57
957,Sophia,Buske,sbuskeqk@patch.com,Female,48.88.169.48
958,Vanna,Robbs,vrobbsql@wiley.com,Genderfluid,52.171.118.87
959,Erick,Coskerry,ecoskerryqm@archive.org,Non-binary,126.96.119.98
960,Devland,Rochewell,drochewellqn@bbb.org,Genderfluid,147.109.95.251
961,Brit,Gullyes,bgullyesqo@google.cn,Female,115.81.156.109
962,Carmine,Nystrom,cnystromqp@cbsnews.com,Genderfluid,57.133.194.39
963,Emogene,Feek,efeekqq@cnet.com,Male,121.238.14.191
964,Bar,Markwelley,bmarkwelleyqr@archive.org,Male,227.231.122.69
965,Ilaire,Uzielli,iuzielliqs@aboutads.info,Agender,251.118.71.46
966,Dewitt,Mergue,dmergueqt@shinystat.com,Non-binary,76.71.199.67
967,Marie-ann,Mendonca,mmendoncaqu@thetimes.co.uk,Non-binary,121.31.13.217
968,Lowe,Willingale,lwillingaleqv@reuters.com,Female,109.47.229.9
969,Angus,Berrey,aberreyqw@freewebs.com,Bigender,55.80.177.142
970,Jillayne,Brittle,jbrittleqx@dailymotion.com,Polygender,97.4.222.49
971,Ofelia,Servis,oservisqy@yahoo.co.jp,Genderqueer,186.46.125.234
972,Nathan,Walbrun,nwalbrunqz@quantcast.com,Male,244.46.45.171
973,Rowland,Laba,rlabar0@yelp.com,Genderqueer,235.122.182.57
974,Alikee,Guyer,aguyerr1@nyu.edu,Non-binary,119.202.208.51
975,Benyamin,Strangward,bstrangwardr2@liveinternet.ru,Genderqueer,97.239.72.147
976,Jessy,Ivanyukov,jivanyukovr3@cbc.ca,Male,110.152.51.93
977,Webb,Edleston,wedlestonr4@businessinsider.com,Bigender,23.56.247.107
978,Marie,Imesen,mimesenr5@drupal.org,Genderfluid,177.61.236.143
979,Vito,Leport,vleportr6@xinhuanet.com,Bigender,153.50.18.194
980,Alejandrina,Sandom,asandomr7@oaic.gov.au,Genderqueer,243.240.4.185
981,Antonietta,Dyet,adyetr8@artisteer.com,Genderfluid,55.138.166.20
982,Boy,Pauluzzi,bpauluzzir9@exblog.jp,Agender,77.28.163.250
983,Ainslee,Guise,aguisera@berkeley.edu,Male,243.23.16.219
984,Astrid,Pollicatt,apollicattrb@usa.gov,Male,8.83.100.122
985,Bryon,O'Cannovane,bocannovanerc@miibeian.gov.cn,Male,146.29.45.155
986,Ethelred,Cornillot,ecornillotrd@amazonaws.com,Bigender,208.115.14.47
987,Kristos,Spehr,kspehrre@mapy.cz,Agender,213.114.61.69
988,Querida,Callis,qcallisrf@nhs.uk,Bigender,244.32.174.251
989,Adrianne,Rothschild,arothschildrg@w3.org,Male,141.85.88.97
990,Minta,Kelinge,mkelingerh@nba.com,Agender,92.124.36.252
991,Nealon,Krystek,nkrystekri@redcross.org,Female,229.251.214.198
992,Ysabel,Elsop,yelsoprj@mediafire.com,Male,43.106.40.146
993,Darcy,Overshott,dovershottrk@etsy.com,Female,6.140.135.50
994,Lothario,Janes,ljanesrl@163.com,Agender,57.234.119.39
995,Haley,Greenman,hgreenmanrm@abc.net.au,Genderqueer,10.209.95.97
996,Hugues,Harragin,hharraginrn@pen.io,Agender,153.158.120.217
997,Retha,Malin,rmalinro@blogtalkradio.com,Bigender,175.81.5.60
998,Tedi,Hainey`,thaineyrp@1und1.de,Female,162.72.236.34
999,Garik,Richardt,grichardtrq@nifty.com,Polygender,182.213.91.222
1000,Darline,Moir,dmoirrr@census.gov,Agender,193.2.165.133
